SOrg|Delivery|Item|Material|Item_Description|DlvQty|SU|Batch|OPS|PickingSts|WM|GM|Route|SpStck_No|Sold_to|Name_of_Sold_to_Party|Pur_Doc|TrpPlanDt|key_material
3000|326105590|10|412689|DX cartucho 6.8/11 M10 STD pardo|100.0|PC|0.0|0.0|0.0|0.0|A|ZMX998|0.0|18469073|COPIISA OFFSHORE|574106548|2024-06-12|3000/412689
3000|326105591|10|412689|DX cartucho 6.8/11 M10 STD pardo|100.0|PC|0.0|0.0|0.0|0.0|A|ZMX998|0.0|18469073|COPIISA OFFSHORE|574184151|2024-06-12|3000/412689
3000|326105607|10|416484|DX cartucho 6.8/18 M10 STD rojo|300.0|PC|0.0|0.0|0.0|0.0|A|ZMX998|0.0|15413947|CONSTRUCTORA GARZA PONCE|574174423|2024-06-12|3000/416484
3000|326105609|10|416486|DX cartucho 6.8/18 M10 STD negro|4.8|PC|0.0|0.0|0.0|0.0|A|ZMX998|0.0|15413947|CONSTRUCTORA GARZA PONCE|574238140|2024-06-12|3000/416486
3000|326105621|10|416484|DX cartucho 6.8/18 M10 STD rojo|11.7|PC|0.0|0.0|0.0|0.0|A|ZMX998|0.0|21534127|GRUPO INMOBILIARIO ARRENDADOR|574221812|2024-06-12|3000/416484
3000|326105637|10|416484|DX cartucho 6.8/18 M10 STD rojo|2.0|PC|0.0|0.0|0.0|0.0|A|ZMX998|0.0|21618835|AFFARE COMERCIAL|574257395|2024-06-12|3000/416484
3000|326108615|10|2210796|DX cartucho 6.8/11 M10 rojo|6.0|PC|0.0|0.0|0.0|0.0|A|ZMX998|0.0|16623943|ADOLFO GERARDO AYALA ROSAS|574202314|2024-06-13|3000/2210796
3000|326393059|10|2341250|Cincel puntero TE-SX SM 70|2.0|PC|0.0|0.0|0.0|0.0|A|ZMXA02|0.0|15408999|TUBOS DE ACERO DE MEXICO|574211263|2024-07-02|3000/2341250
3000|326440014|10|2210793|DX cartucho 6.8/11 M10 rojo|5.0|PC|0.0|0.0|0.0|0.0|A|ZMXA02|0.0|26788106|COMEIC INGENIERIA & PROYECTOS|574310021|2024-07-08|3000/2210793
3000|326495270|10|2210793|DX cartucho 6.8/11 M10 rojo|3.0|PC|0.0|0.0|0.0|0.0|A|ZMXA02|0.0|21051702|SERVICIOS Y MONTAJES PENTA|574316853|2024-07-11|3000/2210793
3000|326531800|10|7743|Carácter marc. X-MC S 8/10 0-9 juego|1.0|PC|0.0|0.0|0.0|0.0|A|ZMXA02|0.0|15408183|RECAL ESTRUCTURAS|574318575|2024-07-16|3000/7743
3000|326537231|10|416484|DX cartucho 6.8/18 M10 STD rojo|10.0|PC|0.0|0.0|0.0|0.0|A|ZMXA02|0.0|15410843|ESTRUCTURAS Y MONTAJES DE LAGOS|574323053|2024-07-17|3000/416484
3000|326576085|10|2210795|DX cartucho 6.8/11 M10 amar.|4.0|PC|0.0|0.0|0.0|0.0|A|ZMXA05|0.0|15418657|FRISA FORJADOS|574316920|2024-07-23|3000/2210795
3000|326581410|10|2210795|DX cartucho 6.8/11 M10 amar.|2.0|PC|0.0|0.0|0.0|0.0|A|ZMXA02|0.0|30658251|ANDRES SOLORZANO GUTIERREZ|574327962|2024-07-22|3000/2210795
3000|326584288|10|2210793|DX cartucho 6.8/11 M10 rojo|2.0|PC|0.0|0.0|0.0|0.0|A|ZMX998|0.0|15405264|TELETEC DE MEXICO|574321335|2024-07-26|3000/2210793
3000|326590014|10|2210796|DX cartucho 6.8/11 M10 rojo|1.0|PC|0.0|0.0|0.0|0.0|A|ZMXA02|0.0|22524882|M&R DE OCCIDENTE|574327975|2024-07-22|3000/2210796
3000|326594791|10|416484|DX cartucho 6.8/18 M10 STD rojo|7.8|PC|0.0|0.0|0.0|0.0|A|ZMXA02|0.0|15413947|CONSTRUCTORA GARZA PONCE|574322789|2024-07-22|3000/416484
3000|326611517|10|2210796|DX cartucho 6.8/11 M10 rojo|100.0|PC|0.0|0.0|0.0|0.0|A|ZMX998|0.0|31162359|MARIO ALBERTO JUAREZ LEON|2102098940|2024-07-30|3000/2210796
3000|326611692|10|2229029|DX cartucho 6,8/11 M10 BK negro|37.6|PC|0.0|0.0|0.0|0.0|A|ZMXA04|0.0|20099592|BII DE MEXICO|574328037|2024-07-23|3000/2229029
3000|326612123|10|2210793|DX cartucho 6.8/11 M10 rojo|15.0|PC|0.0|0.0|0.0|0.0|A|ZMXA01|0.0|26048529|KLETKA|574331245|2024-07-24|3000/2210793
3000|326612646|10|416475|DX cartucho 6.8/11 M10 STD negro|100.0|PC|0.0|0.0|0.0|0.0|A|ZMXA02|0.0|15417292|VOLTRAN|574331283|2024-07-24|3000/416475
3000|326612669|10|2229029|DX cartucho 6,8/11 M10 BK negro|12.4|PC|0.0|0.0|0.0|0.0|A|ZMXA04|0.0|20099592|BII DE MEXICO|574328037|2024-08-13|3000/2229029
3000|326612674|10|2229029|DX cartucho 6,8/11 M10 BK negro|10.0|PC|0.0|0.0|0.0|0.0|A|ZMXA04|0.0|20099592|BII DE MEXICO|574327984|2024-07-24|3000/2229029
8750|326617110|10|2252514|Cortacables a batería NCT 85 C-22 maletí|4.0|PC|0.0|0.0|0.0|0.0|A|ZAR003|0.0|15911069|CIMET S.A.|574310008|2024-07-24|8750/2252514
8750|326617113|10|2267023|Amoladora recta GDG 6-22 maletín|20.0|PC|0.0|0.0|0.0|0.0|A|ZARAG7|0.0|15907858|A EVANGELISTA S A|574330514|2024-07-23|8750/2267023
8750|326617113|20|2251355|Batería B 22-110 Li-ion|120.0|PC|0.0|0.0|0.0|0.0|A|ZARAG7|0.0|15907858|A EVANGELISTA S A|574330514|2024-07-23|8750/2251355
8750|326617113|30|2388396|Cargador de batería C 4-22 220V caja|34.0|PC|0.0|0.0|0.0|0.0|A|ZARAG7|0.0|15907858|A EVANGELISTA S A|574330514|2024-07-23|8750/2388396
8750|326617113|40|2254883|Atorn. tal. perc. bat. SF 6H-22 maletín|20.0|PC|0.0|0.0|0.0|0.0|A|ZARAG7|0.0|15907858|A EVANGELISTA S A|574330514|2024-07-23|8750/2254883
8750|326617118|10|2325247|Plato con Disco DGH 130|4.0|PC|0.0|0.0|0.0|0.0|A|ZAR24A|0.0|15907707|CRIBA  S.A.|574330853|2024-07-23|8750/2325247
8750|326617118|20|2207451|Disco fino hormigón 130 SPX (30) G.50|30.0|PC|0.0|0.0|0.0|0.0|A|ZAR24A|0.0|15907707|CRIBA  S.A.|574330853|2024-07-23|8750/2207451
8750|326617121|10|2164507|YR03602469 Cápsula química HVU2 M12x110|40.0|PC|0.0|0.0|0.0|0.0|A|ZAR24A|0.0|18455948|TOYOTA ARGENTINA S.A.|574331154|2024-07-23|8750/2164507
8750|326617121|20|2223823|YR03602 HAS-U 5.8 M12x160|40.0|PC|0.0|0.0|0.0|0.0|A|ZAR24A|0.0|18455948|TOYOTA ARGENTINA S.A.|574331154|2024-07-23|8750/2223823
8750|326617123|10|2223834|Varilla anclaje HAS-U 8.8 M12x220|20.0|PC|0.0|0.0|0.0|0.0|A|ZAR48B|0.0|15909445|SURI S.A.|574331242|2024-07-23|8750/2223834
8650|326617806|10|2117354|Espiga rejilla X-FCM 1 1/4''|700.0|PC|0.0|0.0|0.0|0.0|A|ZCL302|0.0|19871896|MAESTRANZA VERDUGO LTDA|574292537|2024-07-24|8650/2117354
8650|326617806|20|271981|Perno roscado X-EM8H-15-12P8|700.0|PC|0.0|0.0|0.0|0.0|A|ZCL302|0.0|19871896|MAESTRANZA VERDUGO LTDA|574292537|2024-07-24|8650/271981
8650|326617806|30|2210796|DX cartucho 6.8/11 M10 rojo|700.0|PC|0.0|0.0|0.0|0.0|A|ZCL302|0.0|19871896|MAESTRANZA VERDUGO LTDA|574292537|2024-07-24|8650/2210796
8650|326617822|10|2149475|Mart. rompedor TE 2000-AVR 230V|1.0|PC|0.0|0.0|0.0|0.0|A|ZCL110|0.0|15924090|CONST  HECTOR RIQUELME LTDA|574330754|2024-07-23|8650/2149475
8650|326617822|20|2251359|Batería B 22-170 Li-ion|1.0|PC|0.0|0.0|0.0|0.0|A|ZCL110|0.0|15924090|CONST  HECTOR RIQUELME LTDA|574330754|2024-07-23|8650/2251359
8650|326617822|30|2064703|Mart. rompedor TE 800-AVR 220V|2.0|PC|0.0|0.0|0.0|0.0|A|ZCL110|0.0|15924090|CONST  HECTOR RIQUELME LTDA|574330754|2024-07-23|8650/2064703
8650|326617822|40|2341238|Cincel puntero TE-SX SM 43|3.0|PC|0.0|0.0|0.0|0.0|A|ZCL110|0.0|15924090|CONST  HECTOR RIQUELME LTDA|574330754|2024-07-23|8650/2341238
8650|326617822|50|2333179|Cordl. mixer NMX 6-22 caja|1.0|PC|0.0|0.0|0.0|0.0|A|ZCL110|0.0|15924090|CONST  HECTOR RIQUELME LTDA|574330754|2024-07-23|8650/2333179
8650|326617822|60|2331842|Agitador de paletas NMX-MP 120 M14|1.0|PC|0.0|0.0|0.0|0.0|A|ZCL110|0.0|15924090|CONST  HECTOR RIQUELME LTDA|574330754|2024-07-23|8650/2331842
8650|326617822|70|2333283|Cargador de batería C 6-22 220V caja|1.0|PC|0.0|0.0|0.0|0.0|A|ZCL110|0.0|15924090|CONST  HECTOR RIQUELME LTDA|574330754|2024-07-23|8650/2333283
8650|326617829|10|2210795|DX cartucho 6.8/11 M10 amar.|100.0|PC|0.0|0.0|0.0|0.0|A|ZCL305|0.0|30512942|INGENIERIA, CONSTRUCCION|574331210|2024-07-24|8650/2210795
8650|326617829|20|436063|Clavo para hormigón X-CS 37 P8|100.0|PC|0.0|0.0|0.0|0.0|A|ZCL305|0.0|30512942|INGENIERIA, CONSTRUCCION|574331210|2024-07-24|8650/436063
8650|326617829|30|2084260|Herr. fijación directa DX 2|1.0|PC|0.0|0.0|0.0|0.0|A|ZCL305|0.0|30512942|INGENIERIA, CONSTRUCCION|574331210|2024-07-24|8650/2084260
8650|326617833|10|2117883|Disco de corte SP-T 115/22 (6) univ|18.0|PC|0.0|0.0|0.0|0.0|A|ZCL123|0.0|15918119|CONSTRUCTORA NOVATEC SA|574331249|2024-07-23|8650/2117883
8650|326617833|20|2150744|Disco de desbaste AG-D SP 180x6.4|20.0|PC|0.0|0.0|0.0|0.0|A|ZCL123|0.0|15918119|CONSTRUCTORA NOVATEC SA|574331249|2024-07-23|8650/2150744
8650|326617833|30|2150734|Disco de corte AC-D SP 180x2.5|100.0|PC|0.0|0.0|0.0|0.0|A|ZCL123|0.0|15918119|CONSTRUCTORA NOVATEC SA|574331249|2024-07-23|8650/2150734
8650|326617850|10|2204334|Cinta perforada LB 17|150.0|PC|0.0|0.0|0.0|0.0|A|ZCL110|0.0|15916632|SOCIEDAD CONTRACTUAL MINERA|574331279|2024-07-23|8650/2204334
8650|326617850|20|435006|"Broca para taladro TE-CX 3/8""-6"""|50.0|PC|0.0|0.0|0.0|0.0|A|ZCL110|0.0|15916632|SOCIEDAD CONTRACTUAL MINERA|574331279|2024-07-23|8650/435006
8650|326617861|10|2123404|Adhesivo inyecc. HIT-RE 500 V3/500/1|50.0|PC|0.0|0.0|0.0|0.0|A|ZCL125|0.0|15914220|Züblin International GmbH Chile SpA|574331306|2024-07-23|8650/2123404
8650|326617861|20|2005641|Aplicador HDM 500 caja|4.0|PC|0.0|0.0|0.0|0.0|A|ZCL125|0.0|15914220|Züblin International GmbH Chile SpA|574331306|2024-07-23|8650/2005641
8650|326617861|30|2007059|Portacartucho HIT-CR 500|10.0|PC|0.0|0.0|0.0|0.0|A|ZCL125|0.0|15914220|Züblin International GmbH Chile SpA|574331306|2024-07-23|8650/2007059
8650|326617863|10|2184686|"Broca para taladro TE-YX 5/8""-21"""|30.0|PC|0.0|0.0|0.0|0.0|A|ZCL125|0.0|15919830|EMP DE MONTAJES IND SALFA SA|574331333|2024-07-23|8650/2184686
8750|326618255|10|304529|Guía pernos X-5-460-F8|2.0|PC|0.0|0.0|0.0|0.0|A|ZAR24B|0.0|15907858|A EVANGELISTA S A|574331998|2024-07-23|8750/304529
8750|326618255|20|373330|Tampón X-6-5-B|2.0|PC|0.0|0.0|0.0|0.0|A|ZAR24B|0.0|15907858|A EVANGELISTA S A|574331998|2024-07-23|8750/373330
3000|326618457|10|2205928|Canaleta OS SPB-RF-40-50 SS|21.0|M|0.0|0.0|0.0|0.0|A|ZMXA05|0.0|26868017|DONALDSON|574281566|2024-07-25|3000/2205928
3000|326618466|10|2233562|Disco diam 230/22 SPX univ|4.0|PC|0.0|0.0|0.0|0.0|A|ZMXA06|0.0|15413386|CONSTRUCTORA SUBACUATICA DIAVAZ|574255408|2024-07-24|3000/2233562
3000|326618468|10|2210239|Ultimate exp anc KB-TZ2 3/8x5|1.05|PC|0.0|0.0|0.0|0.0|A|ZMXA02|0.0|15408999|TUBOS DE ACERO DE MEXICO|574268942|2024-07-24|3000/2210239
3000|326618472|10|2273697|Tapa de viga MT-EC-70|50.0|PC|0.0|0.0|0.0|0.0|A|ZMXA02|0.0|15408787|ICA FLUOR DANIEL|574292713|2024-07-24|3000/2273697
3000|326618477|10|2101547|Clavo de gas X-S 14 G3 MX|14.4|PC|0.0|0.0|0.0|0.0|A|ZMXA01|0.0|21086549|GERDAU CORSA|574328344|2024-07-24|3000/2101547
3000|326618479|10|2210238|Ultimate exp anc KB-TZ2 3/8x3 3/4|2.35|PC|0.0|0.0|0.0|0.0|A|ZMXA02|0.0|26400504|CRISTALERIA MEXICO PROYECTOS|574326304|2024-07-26|3000/2210238
3000|326618485|10|2327361|Martillo perfor. a batería TE 5-22 malet|1.0|PC|0.0|0.0|0.0|0.0|A|ZMXA05|0.0|15405587|SERVICIOS Y COMERCIOS MEXICANOS|574329104|2024-07-24|3000/2327361
3000|326618486|10|2123404|Adhesivo inyecc. HIT-RE 500 V3/500/1|20.0|PC|0.0|0.0|0.0|0.0|A|ZMXA06|0.0|24121278|EDIFICACION E INFRAESTRUCTURA|574330999|2024-07-24|3000/2123404
3000|326618488|10|2346065|Perno roscado S-BT-MR W10/15 SN 6 HL|400.0|PC|0.0|0.0|0.0|0.0|A|ZMXA04|0.0|20753448|KEPLER CONSTRUCTORA|574331023|2024-07-24|3000/2346065
3000|326618488|20|2281191|Adaptador W10-MR 50 (25)|300.0|PC|0.0|0.0|0.0|0.0|A|ZMXA04|0.0|20753448|KEPLER CONSTRUCTORA|574331023|2024-07-24|3000/2281191
3000|326618490|10|2241987|Cincel puntero TE-YX SM 50 (4)|4.0|PC|0.0|0.0|0.0|0.0|A|ZMXA02|0.0|25495764|RISCO MEP|574331066|2024-07-24|3000/2241987
3000|326618490|20|2232598|Escoplo TE-Y FM 40 (5)|5.0|PC|0.0|0.0|0.0|0.0|A|ZMXA02|0.0|25495764|RISCO MEP|574331066|2024-07-24|3000/2232598
3000|326618491|10|2123401|Adhesivo inyecc. HIT-RE 500 V3/330/1|10.0|PC|0.0|0.0|0.0|0.0|A|ZMXA02|0.0|28277418|BRICK CONTRATISTAS|574331184|2024-07-24|3000/2123401
3000|326618492|10|2197986|"Varilla anclaje HAS-E-55 3/8""x5-1/8"""|20.0|PC|0.0|0.0|0.0|0.0|A|ZMXA05|0.0|15413955|CONSTRUCTORA INDUSTRIAL Y|574331196|2024-07-24|3000/2197986
3000|326618492|20|2197991|"Varilla anclaje HAS-E-55 1/2""x6-1/2"""|20.0|PC|0.0|0.0|0.0|0.0|A|ZMXA05|0.0|15413955|CONSTRUCTORA INDUSTRIAL Y|574331196|2024-07-24|3000/2197991
3000|326618492|30|2123401|Adhesivo inyecc. HIT-RE 500 V3/330/1|1.0|PC|0.0|0.0|0.0|0.0|A|ZMXA05|0.0|15413955|CONSTRUCTORA INDUSTRIAL Y|574331196|2024-07-24|3000/2123401
3000|326618492|40|2197999|"Varilla anclaje HAS-E-55 3/4""x10"""|20.0|PC|0.0|0.0|0.0|0.0|A|ZMXA05|0.0|15413955|CONSTRUCTORA INDUSTRIAL Y|574331199|2024-07-24|3000/2197999
3000|326618493|10|2031400|Adhesivo inyecc. HIT-MM PLUS 500/2|2.0|PC|0.0|0.0|0.0|0.0|A|ZMXA06|0.0|20655782|EXPERIENCIAS XCARET PARQUES|574331218|2024-07-24|3000/2031400
3000|326618494|10|386341|Carga de gas GC 22 (ROW)|1.0|PC|0.0|0.0|0.0|0.0|A|ZMXA02|0.0|22158882|PEDRO LEON MADRIGAL|574331224|2024-07-24|3000/386341
3000|326618496|10|2334276|Adhesivo inyecc. HY 200-R V3 330/1/WH|5.0|PC|0.0|0.0|0.0|0.0|A|ZMXA02|0.0|21572063|8D INGENIERIA|574331234|2024-07-24|3000/2334276
3000|326618497|10|282301|Escoplo TE-CX FM 25|2.0|PC|0.0|0.0|0.0|0.0|A|ZMXA01|0.0|22380893|FREVY CONSTRUCCIONES Y ACABADOS|574331252|2024-07-24|3000/282301
3000|326618498|10|2141084|Clavo universal X-U 19 P8|40.0|PC|0.0|0.0|0.0|0.0|A|ZMXA01|0.0|26048529|KLETKA|574331268|2024-07-24|3000/2141084
3000|326618498|20|2210793|DX cartucho 6.8/11 M10 rojo|40.0|PC|0.0|0.0|0.0|0.0|A|ZMXA01|0.0|26048529|KLETKA|574331268|2024-07-24|3000/2210793
3000|326618499|10|2123404|Adhesivo inyecc. HIT-RE 500 V3/500/1|60.0|PC|0.0|0.0|0.0|0.0|A|ZMXA01|0.0|27017008|JEGO CONSTRUCCIONES|574331278|2024-07-24|3000/2123404
3000|326618500|10|2123404|Adhesivo inyecc. HIT-RE 500 V3/500/1|20.0|PC|0.0|0.0|0.0|0.0|A|ZMXA02|0.0|15416409|MAQUINARIA Y REPRESENTACIONES ALJO|574331293|2024-07-24|3000/2123404
3000|326618500|20|2341251|Cincel puntero TE-SX SM 36 (4)|4.0|PC|0.0|0.0|0.0|0.0|A|ZMXA02|0.0|15416409|MAQUINARIA Y REPRESENTACIONES ALJO|574331293|2024-07-24|3000/2341251
3000|326618501|10|383249|Martillo perforador TE 2 120V caja|15.0|PC|0.0|0.0|0.0|0.0|A|ZMX998|0.0|26847736|ROMPEDORAS Y COMPACTADORAS|574331327|2024-07-30|3000/383249
8750|326619480|10|2123404|Adhesivo inyecc. HIT-RE 500 V3/500/1|10.0|PC|0.0|0.0|0.0|0.0|A|ZAR021|0.0|30521260|CONTRERAS HERMANOS  S.A.I.C.|574330702|2024-07-24|8750/2123404
8650|326619516|10|2241984|Cincel puntero TE-YX SM 50|8.0|PC|0.0|0.0|0.0|0.0|A|ZCL123|0.0|15918119|CONSTRUCTORA NOVATEC SA|574331350|2024-07-23|8650/2241984
8650|326619516|20|2241992|Escoplo TE-YX FM 50|8.0|PC|0.0|0.0|0.0|0.0|A|ZCL123|0.0|15918119|CONSTRUCTORA NOVATEC SA|574331350|2024-07-23|8650/2241992
3000|370729491|10|338725|Espuma cortafuego CP 620 US|3.0|PC|0.0|0.0|0.0|0.0|A|ZMX999|0.0|15418649|FABRICA DE PAPEL SAN FRANCISCO|593436897|2023-05-19|3000/338725
3000|370744429|10|282991|"Husillo de sujeción DD-CS-5/8"""|1.0|PC|0.0|0.0|0.0|0.0|A|ZMX999|0.0|28987332|INGENIO DE HUIXTLA|593537102|2023-08-08|3000/282991
3000|370744429|20|2105778|"Juego de accesorios DD 5/8"""|1.0|PC|0.0|0.0|0.0|0.0|A|ZMX999|0.0|28987332|INGENIO DE HUIXTLA|593537102|2023-08-08|3000/2105778
3000|370744429|30|2158228|Broca B 52/450 SP-H abras|2.0|PC|0.0|0.0|0.0|0.0|A|ZMX999|0.0|28987332|INGENIO DE HUIXTLA|593537102|2023-08-08|3000/2158228
3000|370744429|40|2158233|Broca B 77/450 SP-H abras|3.0|PC|0.0|0.0|0.0|0.0|A|ZMX999|0.0|28987332|INGENIO DE HUIXTLA|593537102|2023-08-08|3000/2158233
3000|370744429|50|2158237|Broca B 102/450 SP-H abras|2.0|PC|0.0|0.0|0.0|0.0|A|ZMX999|0.0|28987332|INGENIO DE HUIXTLA|593537102|2023-08-08|3000/2158237
3000|370744429|60|305542|Extremo de inserción BL (M41)|3.0|PC|0.0|0.0|0.0|0.0|A|ZMX999|0.0|28987332|INGENIO DE HUIXTLA|593537102|2023-08-08|3000/305542
3000|370744429|70|2127969|Martillo combinado TE 50-AVR 120 V|4.0|PC|0.0|0.0|0.0|0.0|A|ZMX999|0.0|28987332|INGENIO DE HUIXTLA|593537102|2023-08-08|3000/2127969
3000|370747125|10|2109004|Cargador de coche C 4/36-DC caja|8.0|PC|0.0|0.0|0.0|0.0|A|ZMXA01|0.0|19559151|GRUPO FERREBAÑOS MAYORISTAS|591329241|2018-08-15|3000/2109004
3000|370747126|10|385437|"Varilla anclaje HAS 5.8 3/4""x19"""|20.0|PC|0.0|0.0|0.0|0.0|A|ZMXA47|0.0|24065419|JAIME HUMBERTO BENAVENTE GARCIA|591333447|2018-08-23|3000/385437
3000|370747127|10|435000|"Broca para taladro TE-CX 1/4""-6"""|15.0|PC|0.0|0.0|0.0|0.0|A|ZMXA03|0.0|15408833|INDUSTRIAS UNIDAS|591336160|2018-08-23|3000/435000
3000|370747128|10|2078087|Broca corona diam DD-B 37/430 UCL|6.0|PC|0.0|0.0|0.0|0.0|A|ZMXA03|0.0|19226643|LA PENINSULAR COMPAÑIA|591324881|2018-08-24|3000/2078087
3000|370747129|10|50398|DX cartucho 5.5/16 .22 amar.|100.0|PC|0.0|0.0|0.0|0.0|A|ZMXA01|0.0|25428780|RG SOLUCIONES ELECTRICAS S.A DE C.V|591328791|2018-09-07|3000/50398
3000|370747130|10|2005065|Clip de suspensión X-CC CS27 P8|6.4|PC|0.0|0.0|0.0|0.0|A|ZMXA19|0.0|22112921|ABASTECEDORA MAXIMO|591357822|2018-09-10|3000/2005065
3000|370747130|20|2091379|Clavo para hormigón X-C 27 P8|4.0|PC|0.0|0.0|0.0|0.0|A|ZMXA19|0.0|22112921|ABASTECEDORA MAXIMO|591357822|2018-09-10|3000/2091379
3000|370747131|10|206514|"Broca para taladro TE-YX 5/8""-22"""|2.0|PC|0.0|0.0|0.0|0.0|A|ZMXA05|0.0|15404377|TECHINT|591344692|2018-09-13|3000/206514
3000|370747131|20|293479|"Broca para taladro TE-YX 7/8""-21"""|2.0|PC|0.0|0.0|0.0|0.0|A|ZMXA05|0.0|15404377|TECHINT|591344692|2018-09-13|3000/293479
3000|370747132|10|282275|Cincel espátula TE-YP SPM 12/50|1.0|PC|0.0|0.0|0.0|0.0|A|ZMXA19|0.0|15497230|JUAREZ-THOMPSON INC.|591341867|2018-09-14|3000/282275
3000|370747133|10|430792|Spray cortafuego para juntas CFS-SP WB r|7.0|PC|0.0|0.0|0.0|0.0|A|ZMXA01|0.0|24058816|RM CARPINTERIA DE ALUMINIOS|591343379|2018-10-01|3000/430792
3000|370747134|10|2173259|Adhesivo inyecc. HIT-1|12.0|PC|0.0|0.0|0.0|0.0|A|ZMXA47|0.0|17240351|MAILBOXES GONZALITOS S.A. DE C.V.|591383054|2018-10-01|3000/2173259
3000|370747135|10|50351|DX cartucho 6,8/11 M verde|100.0|PC|0.0|0.0|0.0|0.0|A|ZMXA60|0.0|18429041|DMGP SERVICIOS DE INTEGRIDAD|591362961|2018-10-09|3000/50351
3000|370747136|10|2148675|Amoladora angular AG 230-24D 127V caja|1.0|PC|0.0|0.0|0.0|0.0|A|ZMXA57|0.0|17004266|T A 2000|591418406|2018-10-11|3000/2148675
3000|370747136|20|2119163|Amoladora angular AG 500-12D|1.0|PC|0.0|0.0|0.0|0.0|A|ZMXA57|0.0|17004266|T A 2000|591418406|2018-10-11|3000/2119163
3000|370747137|10|224119|Mandril de cierre rápido TE 2M/7C/7A/6A|1.0|PC|0.0|0.0|0.0|0.0|A|ZMXA19|0.0|24143599|TILSECO MEXICO|591422615|2018-10-15|3000/224119
3000|370747138|10|2006183|Batería PSA 82|1.0|PC|0.0|0.0|0.0|0.0|A|ZMXA46|0.0|21196451|GRUPO OX PROFESIONALES EN|591391052|2018-10-16|3000/2006183
3000|370747139|10|65282|Llave de casquillo hueco 1 1/8x3/4|1.0|PC|0.0|0.0|0.0|0.0|A|ZMXA01|0.0|18130211|PUBLICO EN GENERAL|591431338|2018-10-31|3000/65282
3000|370747140|10|385441|"Varilla anclaje HAS 5.8 7/8""x13"""|40.0|PC|0.0|0.0|0.0|0.0|A|ZMXA03|0.0|19032723|INGENIERIA DUPLICADO|591443921|2018-11-06|3000/385441
3000|370747141|10|2064659|Mart. rompedor TE 800-AVR 120V|4.0|PC|0.0|0.0|0.0|0.0|A|ZMXA03|0.0|23504999|SINERGIA VECTORIAL|591453405|2018-11-06|3000/2064659
3000|370747141|20|2107829|Empuñadura lateral TE SH-STD 2|4.0|PC|0.0|0.0|0.0|0.0|A|ZMXA03|0.0|23504999|SINERGIA VECTORIAL|591453405|2018-11-06|3000/2107829
3000|370747142|10|2081456|Atorn. tal. a batería SFD 2-A caja|2.0|PC|0.0|0.0|0.0|0.0|A|ZMXA19|0.0|22503496|CATERPILLAR INDUSTRIAS MEXICO|591450259|2018-11-21|3000/2081456
3000|370747142|20|2077976|Batería B 12/2.6|4.0|PC|0.0|0.0|0.0|0.0|A|ZMXA19|0.0|22503496|CATERPILLAR INDUSTRIAS MEXICO|591450259|2018-11-21|3000/2077976
3000|370747142|30|2076996|Cargador de batería C 4/12-50 115V BULK|2.0|PC|0.0|0.0|0.0|0.0|A|ZMXA19|0.0|22503496|CATERPILLAR INDUSTRIAS MEXICO|591450259|2018-11-21|3000/2076996
3000|370747142|40|2012703|Gancho para cinturón SF / SI|2.0|PC|0.0|0.0|0.0|0.0|A|ZMXA19|0.0|22503496|CATERPILLAR INDUSTRIAS MEXICO|591450259|2018-11-21|3000/2012703
3000|370747143|10|228341|Suspensión techo X-EHS W6 MX|1.0|PC|0.0|0.0|0.0|0.0|A|ZMXA01|0.0|15420305|B & I ARQUITECTOS|591479325|2018-11-27|3000/228341
3000|370747144|10|2197999|"Varilla anclaje HAS-E-55 3/4""x10"""|60.0|PC|0.0|0.0|0.0|0.0|A|ZMXA47|0.0|25451025|CONSTRUCCIONES Y EDIFICACIONES SAYG|591479713|2018-11-28|3000/2197999
3000|370747145|10|2113445|Atorn. tal. perc. bat. SF 6H-A22 maletín|1.0|PC|0.0|0.0|0.0|0.0|A|ZMXA46|0.0|23949625|SEGUIDORES SOLARES SOLTEC|591519043|2018-12-31|3000/2113445
3000|370747146|10|256694|Cápsula química HVU M16x125|30.0|PC|0.0|0.0|0.0|0.0|A|ZMXA19|0.0|20441955|M I HERRAMIENTAS DIAMANTADAS|591551384|2019-01-31|3000/256694
3000|370747146|20|2198007|"Varilla anclaje HAS-E-55 7/8""x10"""|20.0|PC|0.0|0.0|0.0|0.0|A|ZMXA19|0.0|20441955|M I HERRAMIENTAS DIAMANTADAS|591551384|2019-01-31|3000/2198007
3000|370747147|10|2164799|Cable de red TE 500(01) USA/CDN|1.0|PC|0.0|0.0|0.0|0.0|A|ZMXA31|0.0|18450024|CONSTRUCTORA VERTEX|591567723|2019-02-12|3000/2164799
3000|370747148|10|2165749|"Broca para taladro TE-YX 3/4""-13"""|2.0|PC|0.0|0.0|0.0|0.0|A|ZMXA01|0.0|15412143|FERRETODO MEXICO|591608132|2019-03-14|3000/2165749
3000|370747149|10|2165747|"Broca para taladro TE-YX 11/16""-13"""|1.0|PC|0.0|0.0|0.0|0.0|A|ZMXA01|0.0|15412143|FERRETODO MEXICO|591773549|2019-07-23|3000/2165747
3000|370747150|10|2098466|Martillo perfor. a batería TE 6-A36 male|1.0|PC|0.0|0.0|0.0|0.0|A|ZMXA01|0.0|15412143|FERRETODO MEXICO|591628147|2019-03-28|3000/2098466
3000|370747151|10|62898|"Broca para mampostería TM 5/8""-8"""|2.0|PC|0.0|0.0|0.0|0.0|A|ZMXA47|0.0|24443257|MUEBLES LA MAGDALENA|591632588|2019-04-01|3000/62898
3000|370747152|10|2146853|Mart. rompedor TE 500-AVR 120V|4.0|PC|0.0|0.0|0.0|0.0|A|ZMXA19|0.0|25341650|CONSTRUCTORA HOSPITALARIA TEPIC|591677994|2019-05-07|3000/2146853
3000|370747152|20|282268|Cincel plano TE-YP FM 36|12.0|PC|0.0|0.0|0.0|0.0|A|ZMXA19|0.0|25341650|CONSTRUCTORA HOSPITALARIA TEPIC|591677994|2019-05-07|3000/282268
3000|370747152|30|282264|Cincel puntero TE-YP SM 36|12.0|PC|0.0|0.0|0.0|0.0|A|ZMXA19|0.0|25341650|CONSTRUCTORA HOSPITALARIA TEPIC|591677994|2019-05-07|3000/282264
3000|370747152|40|428944|Mart. rompedor TE 700-AVR 120V|2.0|PC|0.0|0.0|0.0|0.0|A|ZMXA19|0.0|25341650|CONSTRUCTORA HOSPITALARIA TEPIC|591677994|2019-05-07|3000/428944
3000|370747152|50|2149471|Mart. rompedor TE 2000-AVR 120V|2.0|PC|0.0|0.0|0.0|0.0|A|ZMXA19|0.0|25341650|CONSTRUCTORA HOSPITALARIA TEPIC|591677994|2019-05-07|3000/2149471
3000|370747152|60|2168871|Cincel puntero TE-SPX SM 43|4.0|PC|0.0|0.0|0.0|0.0|A|ZMXA19|0.0|25341650|CONSTRUCTORA HOSPITALARIA TEPIC|591677994|2019-05-07|3000/2168871
3000|370747153|10|2165905|"Broca para taladro TE-YX 7/8""-13"""|2.0|PC|0.0|0.0|0.0|0.0|A|ZMXA03|0.0|20046858|GALA STEEL|591744735|2019-07-01|3000/2165905
3000|370747154|10|2119381|Mart. rompedor TE 1000-AVR 120V|1.0|PC|0.0|0.0|0.0|0.0|A|ZMXA21|0.0|19953213|TOMACO|591782109|2019-07-30|3000/2119381
3000|370747154|20|2078526|Cable de red TE 1000-AVR 120V 5m|1.0|PC|0.0|0.0|0.0|0.0|A|ZMXA21|0.0|19953213|TOMACO|591782109|2019-07-30|3000/2078526
3000|370747155|10|2168888|Cincel puntero TE-SPX SM 43 MP4|4.0|PC|0.0|0.0|0.0|0.0|A|ZMXA01|0.0|15417426|INGENIERIA Y CONSTRUCCION COT|591798262|2019-08-14|3000/2168888
3000|370747155|20|2168888|Cincel puntero TE-SPX SM 43 MP4|4.0|PC|0.0|0.0|0.0|0.0|A|ZMXA01|0.0|15417426|INGENIERIA Y CONSTRUCCION COT|591798262|2019-08-14|3000/2168888
3000|370747156|10|2126613|Disco de corte AC-D SP 180x1.6mm|50.0|PC|0.0|0.0|0.0|0.0|A|ZMXA01|0.0|15418037|JMM MANUFACTURAS|591800303|2019-08-15|3000/2126613
3000|370747156|20|2126616|Disco de corte AC-D SP 230x2.0mm|50.0|PC|0.0|0.0|0.0|0.0|A|ZMXA01|0.0|15418037|JMM MANUFACTURAS|591800303|2019-08-15|3000/2126616
3000|370747157|10|273747|Taladro con percusión UH 700 120V|1.0|PC|0.0|0.0|0.0|0.0|A|ZMX999|0.0|21051702|SERVICIOS Y MONTAJES PENTA|591921856|2019-11-21|3000/273747
3000|370747158|10|2141960|Anclaje a segmentos KB-TZ 3/4x5 1/2|40.0|PC|0.0|0.0|0.0|0.0|A|ZMX999|0.0|15405534|CONSORCIO CAPITAL|591974971|2020-01-10|3000/2141960
3000|370747158|20|286017|Anclaje a segmentos KB3 1x6|70.0|PC|0.0|0.0|0.0|0.0|A|ZMX999|0.0|15405534|CONSORCIO CAPITAL|591974971|2020-01-10|3000/286017
3000|370747158|30|286017|Anclaje a segmentos KB3 1x6|5.0|PC|0.0|0.0|0.0|0.0|A|ZMX999|0.0|15405534|CONSORCIO CAPITAL|591974971|2020-01-10|3000/286017
3000|370747159|10|2078802|"Anclaje a segmentos KBV 1/2""x3-3/4"""|25.0|PC|0.0|0.0|0.0|0.0|A|ZMX999|0.0|15417580|TENSA CONSTRUCCIONES|591987237|2020-01-22|3000/2078802
3000|370747160|10|386468|Suspensión techo X-EHS W10 MX|100.0|PC|0.0|0.0|0.0|0.0|A|ZMX999|0.0|15842335|TERMO TECNICA QUIN|592102922|2020-05-07|3000/386468
3000|370747160|20|2061254|Cinta para cables ECT-UVHB 280X4.5|100.0|PC|0.0|0.0|0.0|0.0|A|ZMX999|0.0|15842335|TERMO TECNICA QUIN|592102922|2020-05-07|3000/2061254
3000|370747160|30|285720|Abraz. eléctrica X-EKS 20 MX|100.0|PC|0.0|0.0|0.0|0.0|A|ZMX999|0.0|15842335|TERMO TECNICA QUIN|592102922|2020-05-07|3000/285720
3000|370747160|40|285721|Abraz. eléctrica X-EKS 25 MX|100.0|PC|0.0|0.0|0.0|0.0|A|ZMX999|0.0|15842335|TERMO TECNICA QUIN|592102922|2020-05-07|3000/285721
3000|370747160|50|285723|Abraz. eléctrica X-EKS 40 MX|100.0|PC|0.0|0.0|0.0|0.0|A|ZMX999|0.0|15842335|TERMO TECNICA QUIN|592102922|2020-05-07|3000/285723
3000|370747160|60|228342|Clip de suspensión X-ECC MX|100.0|PC|0.0|0.0|0.0|0.0|A|ZMX999|0.0|15842335|TERMO TECNICA QUIN|592102922|2020-05-07|3000/228342
3000|370747160|70|432947|Cinta para cables con soporte X-ECT 40 M|50.0|PC|0.0|0.0|0.0|0.0|A|ZMX999|0.0|15842335|TERMO TECNICA QUIN|592102922|2020-05-07|3000/432947
3000|370747161|10|386468|Suspensión techo X-EHS W10 MX|100.0|PC|0.0|0.0|0.0|0.0|A|ZMX999|0.0|15842335|TERMO TECNICA QUIN|592102932|2020-05-07|3000/386468
3000|370747161|20|2061254|Cinta para cables ECT-UVHB 280X4.5|100.0|PC|0.0|0.0|0.0|0.0|A|ZMX999|0.0|15842335|TERMO TECNICA QUIN|592102932|2020-05-07|3000/2061254
3000|370747161|30|285720|Abraz. eléctrica X-EKS 20 MX|100.0|PC|0.0|0.0|0.0|0.0|A|ZMX999|0.0|15842335|TERMO TECNICA QUIN|592102932|2020-05-07|3000/285720
3000|370747161|40|285721|Abraz. eléctrica X-EKS 25 MX|100.0|PC|0.0|0.0|0.0|0.0|A|ZMX999|0.0|15842335|TERMO TECNICA QUIN|592102932|2020-05-07|3000/285721
3000|370747161|50|285723|Abraz. eléctrica X-EKS 40 MX|100.0|PC|0.0|0.0|0.0|0.0|A|ZMX999|0.0|15842335|TERMO TECNICA QUIN|592102932|2020-05-07|3000/285723
3000|370747161|60|432947|Cinta para cables con soporte X-ECT 40 M|50.0|PC|0.0|0.0|0.0|0.0|A|ZMX999|0.0|15842335|TERMO TECNICA QUIN|592102932|2020-05-07|3000/432947
3000|370747162|10|2167148|Aspirador universal VC 125-6|1.0|PC|0.0|0.0|0.0|0.0|A|ZMX999|0.0|25912640|URBANIZADORA CAMI|592245072|2020-09-08|3000/2167148
3000|370747162|20|2067383|Adaptador 15A Twist Lock|1.0|PC|0.0|0.0|0.0|0.0|A|ZMX999|0.0|25912640|URBANIZADORA CAMI|592245072|2020-09-08|3000/2067383
3000|370747163|10|2203157|Montante de taladrar DD-ST 160 SFL|1.0|PC|0.0|0.0|0.0|0.0|A|ZMX999|0.0|27709172|INSTALACIONES ELECTROMECANICAS|592422993|2021-02-03|3000/2203157
3000|370747164|10|2210253|Ultimate exp anc KB-TZ2 1/2x3|20.0|PC|0.0|0.0|0.0|0.0|A|ZMX999|0.0|16079723|TERNIUM MEXICO|592483691|2021-03-22|3000/2210253
3000|370747165|10|206509|"Broca para taladro TE-YX 1/2""-14"""|2.0|PC|0.0|0.0|0.0|0.0|A|ZMX999|0.0|18722959|AUTO PARTES Y MAS|592652109|2021-08-05|3000/206509
3000|370747166|10|2184660|Empuñadura lateral TE 500-X (Gen 3)|1.0|PC|0.0|0.0|0.0|0.0|A|ZMX999|0.0|23351453|XDIFICA|592676275|2021-08-31|3000/2184660
3000|370747167|10|2203157|Montante de taladrar DD-ST 160 SFL|1.0|PC|0.0|0.0|0.0|0.0|A|ZMX999|0.0|26531711|ATRIUM LAND SOLUCIONES|592691859|2021-09-14|3000/2203157
3000|370747168|10|2005843|Aplicador CFS-DISP|1.0|PC|0.0|0.0|0.0|0.0|A|ZMX999|0.0|15415971|JOHNSON CONTROLS BTS MEXICO|592708743|2021-09-28|3000/2005843
3000|370747169|10|2101536|Sellador cortafuego FS-ONE MAX 5GAL PAIL|1.0|PC|0.0|0.0|0.0|0.0|A|ZMX999|0.0|15419946|CONSTRUCTORA Y DESARROLLADORA DE|593062242|2022-07-21|3000/2101536
3000|370753308|10|2141084|Clavo universal X-U 19 P8|500.0|PC|0.0|0.0|0.0|0.0|A|ZMX999|0.0|28508168|MEXICANA DE ESPACIOS ABIERTOS|593592389|2023-09-25|3000/2141084
3000|370764469|10|2091379|Clavo para hormigón X-C 27 P8|100.0|PC|0.0|0.0|0.0|0.0|A|ZMX999|0.0|15419280|PROMOTORA DEL DESARROLLO DE AMERICA|593670315|2023-11-24|3000/2091379
3000|370767277|10|2123401|Adhesivo inyecc. HIT-RE 500 V3/330/1|2.0|PC|0.0|0.0|0.0|0.0|A|ZMX999|0.0|22380893|FREVY CONSTRUCCIONES Y ACABADOS|593690467|2023-12-13|3000/2123401
3000|370779349|10|2018449|"Varilla anclaje HIT-Z 3/4"" x 8 1/2"""|6.0|PC|0.0|0.0|0.0|0.0|A|ZMX999|0.0|22233174|MARIA GUADALUPE HERNANDEZ|593775828|2024-02-26|3000/2018449
3000|370782985|10|3783931|Adhesivo inyecc. HIT-RE 500 V3/500/1|4.0|PC|0.0|0.0|0.0|0.0|A|ZMX999|0.0|15406973|AMP CONTRATISTAS ELECTRICOS|593799600|2024-03-12|3000/3783931
3000|370790655|10|2341239|Cincel puntero TE-SX SM 50|2.0|PC|0.0|0.0|0.0|0.0|A|ZMX999|0.0|30256267|CEMENTO CRUZ AZUL HIDALGO|593849358|2024-04-25|3000/2341239
3000|370797360|10|2239885|Taladro con diamante DD 150-U 120V|1.0|PC|0.0|0.0|0.0|0.0|A|ZMX999|0.0|25940113|CONSTRUCTORA ISTRANA|2101762592|2024-06-04|3000/2239885
3000|370797611|10|2197997|"Varilla anclaje HAS-E-55 5/8""x12"""|20.0|PC|0.0|0.0|0.0|0.0|A|ZMX999|0.0|15418647|FORMACRYL DE MEXICO|593893144|2024-06-05|3000/2197997
3000|370797611|20|2334276|Adhesivo inyecc. HY 200-R V3 330/1/WH|5.0|PC|0.0|0.0|0.0|0.0|A|ZMX999|0.0|15418647|FORMACRYL DE MEXICO|593893144|2024-06-05|3000/2334276
3000|370802688|10|2328604|Cordless data module IC CDM-22|3.0|PC|0.0|0.0|0.0|0.0|A|ZMXA02|0.0|15522499|REPRESENTACIONES DISTRIBUCIONES E|2101960907|2024-07-02|3000/2328604
3000|370804243|10|2253115|Martillo combinado a batería TE 30-22 ma|4.0|PC|0.0|0.0|0.0|0.0|A|ZMXA02|0.0|25940113|CONSTRUCTORA ISTRANA|2102015241|2024-07-10|3000/2253115
3000|370804243|20|2251359|Batería B 22-170 Li-ion|4.0|PC|0.0|0.0|0.0|0.0|A|ZMXA02|0.0|25940113|CONSTRUCTORA ISTRANA|2102015241|2024-07-10|3000/2251359
3000|370804243|30|2328604|Cordless data module IC CDM-22|4.0|PC|0.0|0.0|0.0|0.0|A|ZMXA02|0.0|25940113|CONSTRUCTORA ISTRANA|2102015241|2024-07-10|3000/2328604
3000|370804319|10|2168875|Escoplo TE-SX FM 43|1.0|PC|0.0|0.0|0.0|0.0|A|ZMXA05|0.0|0|nan|4537019353|2024-07-11|3000/2168875
3000|370804496|10|2210255|Ultimate exp anc KB-TZ2 1/2x4 1/2|3.04|PC|0.0|0.0|0.0|0.0|A|ZMXA83|0.0|0|nan|4537026277|2024-07-12|3000/2210255
3000|370804605|10|2183180|Battery pack B 22/4.0 Li-ion|8.0|PC|0.0|0.0|0.0|0.0|A|ZMX060|0.0|0|nan|4537026670|2024-07-16|3000/2183180
3000|370804608|10|2240605|Sierra de sable a batería SR 4-22 maletí|1.0|PC|0.0|0.0|0.0|0.0|A|ZMXA83|0.0|0|nan|4537026683|2024-07-12|3000/2240605
3000|370804608|20|2315443|Sierra circular a batería SC 6ML-22 male|1.0|PC|0.0|0.0|0.0|0.0|A|ZMXA83|0.0|0|nan|4537026683|2024-07-12|3000/2315443
3000|370804608|30|2351368|Sierra circular a batería SC 4MR-22 male|1.0|PC|0.0|0.0|0.0|0.0|A|ZMXA83|0.0|0|nan|4537026683|2024-07-12|3000/2351368
3000|370804608|40|2315443|Sierra circular a batería SC 6ML-22 male|1.0|PC|0.0|0.0|0.0|0.0|A|ZMXA83|0.0|0|nan|4537026683|2024-07-12|3000/2315443
3000|370804608|50|2366391|Multi-Herramienta SMT 6-22 caja|1.0|PC|0.0|0.0|0.0|0.0|A|ZMXA83|0.0|0|nan|4537026683|2024-07-12|3000/2366391
3000|370804608|60|2358379|Amoladora de hormigón a batería DGH 130-|1.0|PC|0.0|0.0|0.0|0.0|A|ZMXA83|0.0|0|nan|4537026683|2024-07-12|3000/2358379
3000|370804608|70|2251367|Sierra manual a batería DSH 600-22|1.0|PC|0.0|0.0|0.0|0.0|A|ZMXA83|0.0|0|nan|4537026683|2024-07-12|3000/2251367
3000|370804608|80|2315589|Depósito alimentador de agua DWP 15-22|1.0|PC|0.0|0.0|0.0|0.0|A|ZMXA83|0.0|0|nan|4537026683|2024-07-12|3000/2315589
3000|370804608|90|2243001|Luz de trabajo Inalámbrica SL 2-22 caja|1.0|PC|0.0|0.0|0.0|0.0|A|ZMXA83|0.0|0|nan|4537026683|2024-07-12|3000/2243001
3000|370804608|100|2374157|Torre de Iluminación SL 10-22 100-240V c|1.0|PC|0.0|0.0|0.0|0.0|A|ZMXA83|0.0|0|nan|4537026683|2024-07-12|3000/2374157
3000|370804609|10|2215881|Amoladora angular a batería AG 4S-A22-12|1.0|PC|0.0|0.0|0.0|0.0|A|ZMXA83|0.0|0|nan|4537026683|2024-07-12|3000/2215881
3000|370804609|20|2253848|Atorn. tal. a batería SF 4H-22 maletín|1.0|PC|0.0|0.0|0.0|0.0|A|ZMXA83|0.0|0|nan|4537026683|2024-07-12|3000/2253848
3000|370804611|10|2145576|Sistema de reciclaje de agua DD-WMS 100|1.0|PC|0.0|0.0|0.0|0.0|A|ZMXA83|0.0|0|nan|4537026683|2024-07-12|3000/2145576
3000|370804611|20|2152385|Láser multilínea PM 40-MG|1.0|PC|0.0|0.0|0.0|0.0|A|ZMXA83|0.0|0|nan|4537026683|2024-07-12|3000/2152385
3000|370804611|30|2153650|ON!Track tag AI L2|100.0|PC|0.0|0.0|0.0|0.0|A|ZMXA83|0.0|0|nan|4537026683|2024-07-12|3000/2153650
3000|370804611|40|2153651|ON!Track tag AI L5|100.0|PC|0.0|0.0|0.0|0.0|A|ZMXA83|0.0|0|nan|4537026683|2024-07-12|3000/2153651
3000|370804611|50|2279301|Hole saw arbor+bit 85mm MultiCut|1.0|PC|0.0|0.0|0.0|0.0|A|ZMXA83|0.0|0|nan|4537026683|2024-07-12|3000/2279301
3000|370804611|60|2261224|Broca de centrado HSS-G 85mm (5) MultiCu|1.0|PC|0.0|0.0|0.0|0.0|A|ZMXA83|0.0|0|nan|4537026683|2024-07-12|3000/2261224
3000|370804611|70|2113262|"Vaso de impacto SI-S 3/4"" - 3/4 L"|1.0|PC|0.0|0.0|0.0|0.0|A|ZMXA83|0.0|0|nan|4537026683|2024-07-12|3000/2113262
3000|370804611|80|418040|"Anclaje tornillo KH-EZ 1/4""x2 1/2"" I 3/8"|100.0|PC|0.0|0.0|0.0|0.0|A|ZMXA83|0.0|0|nan|4537026683|2024-07-12|3000/418040
3000|370804611|90|2268508|Carril de montaje MT-40 OC|6.0|M|0.0|0.0|0.0|0.0|A|ZMXA83|0.0|0|nan|4537026683|2024-07-12|3000/2268508
3000|370804611|100|2268367|Viga MT-80 OC|6.0|M|0.0|0.0|0.0|0.0|A|ZMXA83|0.0|0|nan|4537026683|2024-07-12|3000/2268367
3000|370804611|110|2268508|Carril de montaje MT-40 OC|6.0|M|0.0|0.0|0.0|0.0|A|ZMXA83|0.0|0|nan|4537026683|2024-07-12|3000/2268508
3000|370804611|120|2268367|Viga MT-80 OC|6.0|M|0.0|0.0|0.0|0.0|A|ZMXA83|0.0|0|nan|4537026683|2024-07-12|3000/2268367
3000|370805322|10|2122712|Martillo perforador TE 3-ML 120V maletín|22.0|PC|0.0|0.0|0.0|0.0|A|ZMXA04|0.0|0|nan|4536988129|2024-08-14|3000/2122712
3000|370806023|10|2109982|Amoladora angular a batería AG 125-A22 m|1.0|PC|0.0|0.0|0.0|0.0|A|ZMX999|0.0|15408629|HOLCIM MEXICO OPERACIONES|593425537|2023-05-10|3000/2109982
3000|370806636|10|2168886|Espatula TE-SX SC 50/12|2.0|PC|0.0|0.0|0.0|0.0|A|ZMXA04|0.0|0|nan|4536761569|2024-07-23|3000/2168886
3000|370806637|10|2280320|"Pinza de apriete GDG - 1/4"""|30.0|PC|0.0|0.0|0.0|0.0|A|ZMXA04|0.0|0|nan|4536988129|2024-07-23|3000/2280320
3000|370806637|20|2278641|"Tuerca GDG - 6mm / 1/4"""|30.0|PC|0.0|0.0|0.0|0.0|A|ZMXA04|0.0|0|nan|4536988129|2024-07-23|3000/2278641
3000|370806638|10|434999|"Broca para taladro TE-CX 1/4""-4"""|1.0|PC|0.0|0.0|0.0|0.0|A|ZMXA01|0.0|0|nan|4536762345|2024-07-23|3000/434999
3000|370806654|10|273204|"Cepillo circular de alambre HIT-RB 1/2"""|1.0|PC|0.0|0.0|0.0|0.0|A|ZMXA05|0.0|0|nan|4537080074|2024-07-23|3000/273204
3000|370806654|20|273205|"Cepillo circular de alambre HIT-RB 9/16"""|1.0|PC|0.0|0.0|0.0|0.0|A|ZMXA05|0.0|0|nan|4537080074|2024-07-23|3000/273205
3000|370806654|30|273207|"Cepillo circular de alambre HIT-RB 5/8"""|1.0|PC|0.0|0.0|0.0|0.0|A|ZMXA05|0.0|0|nan|4537080074|2024-07-23|3000/273207
3000|370806654|40|273210|"Cepillo circular de alambre HIT-RB 3/4"""|1.0|PC|0.0|0.0|0.0|0.0|A|ZMXA05|0.0|0|nan|4537080074|2024-07-23|3000/273210
3000|370806654|50|273211|"Cepillo circular de alambre HIT-RB 7/8"""|1.0|PC|0.0|0.0|0.0|0.0|A|ZMXA05|0.0|0|nan|4537080074|2024-07-23|3000/273211
3000|370806654|60|229138|Manillar HIT-RBH|1.0|PC|0.0|0.0|0.0|0.0|A|ZMXA05|0.0|0|nan|4537080074|2024-07-23|3000/229138
3000|370806654|70|2065445|Gafas de seguridad PP EY-GU C HC/AF clar|1.0|PC|0.0|0.0|0.0|0.0|A|ZMXA05|0.0|0|nan|4537080074|2024-07-23|3000/2065445
3000|370806654|80|2065446|Gafas de seguridad PP EY-GU G HC/AF gris|1.0|PC|0.0|0.0|0.0|0.0|A|ZMXA05|0.0|0|nan|4537080074|2024-07-23|3000/2065446
3000|370806840|10|234460|Espuma de aislamiento CF-I 50 ECO GV|3.0|PC|0.0|0.0|0.0|0.0|A|ZMXA01|0.0|0|nan|4537083491|2024-07-24|3000/234460
3000|370806840|20|2122609|Martillo perforador TE 3-CL 120V maletín|2.0|PC|0.0|0.0|0.0|0.0|A|ZMXA01|0.0|0|nan|4537083491|2024-07-24|3000/2122609
3000|370806841|10|2361442|Boquilla porta perno S-SH BT M10/W10|1.0|PC|0.0|0.0|0.0|0.0|A|ZMXA01|0.0|0|nan|4537087178|2024-07-24|3000/2361442
3000|370806844|10|2374157|Torre de Iluminación SL 10-22 100-240V c|1.0|PC|0.0|0.0|0.0|0.0|A|ZMXA01|0.0|0|nan|4537087284|2024-07-24|3000/2374157
3000|370806844|20|2242903|Lampara inalambrica de area SL 6-22 caja|1.0|PC|0.0|0.0|0.0|0.0|A|ZMXA01|0.0|0|nan|4537087284|2024-07-24|3000/2242903
8750|370806870|10|2123404|Adhesivo inyecc. HIT-RE 500 V3/500/1|60.0|PC|0.0|0.0|0.0|0.0|A|nan|0.0|0|nan|4537087377|2024-07-23|8750/2123404
8750|370806870|20|2122292|Broca para taladro TE-YX 18/52|2.0|PC|0.0|0.0|0.0|0.0|A|nan|0.0|0|nan|4537087377|2024-07-23|8750/2122292
3000|370806929|10|234460|Espuma de aislamiento CF-I 50 ECO GV|1.0|PC|0.0|0.0|0.0|0.0|A|ZMXA05|0.0|0|nan|4537072294|2024-07-24|3000/234460
3000|370806929|20|2248354|Atorn. tabique seco a bat. SD 5000-22 ma|1.0|PC|0.0|0.0|0.0|0.0|A|ZMXA05|0.0|0|nan|4537072294|2024-07-24|3000/2248354
3000|370806929|30|2315589|Depósito alimentador de agua DWP 15-22|1.0|PC|0.0|0.0|0.0|0.0|A|ZMXA05|0.0|0|nan|4537072294|2024-07-24|3000/2315589
3000|370806930|10|2031400|Adhesivo inyecc. HIT-MM PLUS 500/2|2.0|PC|0.0|0.0|0.0|0.0|A|ZMXA83|0.0|0|nan|4537087941|2024-07-30|3000/2031400
3000|370806930|20|2197993|"Varilla anclaje HAS-E-55 1/2""x10"""|50.0|PC|0.0|0.0|0.0|0.0|A|ZMXA83|0.0|0|nan|4537087941|2024-07-30|3000/2197993
3000|370806930|30|2199633|Broca BI 25/320 SP-L abras|1.0|PC|0.0|0.0|0.0|0.0|A|ZMXA83|0.0|0|nan|4537087941|2024-07-30|3000/2199633
3000|370806930|40|2210254|Ultimate exp anc KB-TZ2 1/2x3 3/4|160.0|PC|0.0|0.0|0.0|0.0|A|ZMXA83|0.0|0|nan|4537087941|2024-07-30|3000/2210254
3000|370806931|10|2197992|"Varilla anclaje HAS-E-55 1/2""x8"""|40.0|PC|0.0|0.0|0.0|0.0|A|ZMXA01|0.0|0|nan|4537087942|2024-07-24|3000/2197992
3000|370806931|20|2198009|"Varilla anclaje HAS-E-55 1""x12"""|16.0|PC|0.0|0.0|0.0|0.0|A|ZMXA01|0.0|0|nan|4537087942|2024-07-24|3000/2198009
3000|370806931|30|2199633|Broca BI 25/320 SP-L abras|1.0|PC|0.0|0.0|0.0|0.0|A|ZMXA01|0.0|0|nan|4537087942|2024-07-24|3000/2199633
3000|370806931|40|2261696|Broca B 172/430 P-U abras|1.0|PC|0.0|0.0|0.0|0.0|A|ZMXA01|0.0|0|nan|4537087942|2024-07-24|3000/2261696
3000|370806932|10|2254883|Atorn. tal. perc. bat. SF 6H-22 maletín|1.0|PC|0.0|0.0|0.0|0.0|A|ZMXA01|0.0|0|nan|4537083489|2024-07-24|3000/2254883
3000|370806933|10|2267590|Adaptador NEMA 5-20P / 5-15P|1.0|PC|0.0|0.0|0.0|0.0|A|ZMXA01|0.0|0|nan|4537087747|2024-07-24|3000/2267590
3000|370806934|10|2198012|"Varilla anclaje HAS-E-55 1""x20"""|4.0|PC|0.0|0.0|0.0|0.0|A|ZMXA01|0.0|0|nan|4537087748|2024-07-24|3000/2198012
8650|370806959|10|418040|"Anclaje tornillo KH-EZ 1/4""x2 1/2"" I 3/8"|600.0|PC|0.0|0.0|0.0|0.0|A|ZCL302|0.0|0|nan|4537087943|2024-07-24|8650/418040
8650|370806959|20|436062|Clavo para hormigón X-CS 27 P8|6.0|PC|0.0|0.0|0.0|0.0|A|ZCL302|0.0|0|nan|4537087943|2024-07-24|8650/436062
8650|370806959|30|2291205|Llave impacto a bat. SIW 4AT-22 1/2'' ma|5.0|PC|0.0|0.0|0.0|0.0|A|ZCL302|0.0|0|nan|4537087943|2024-07-24|8650/2291205
