SOrg,Delivery,Item,Material,Item_Description,DlvQty,SU,Batch,OPS,PickingSts,WM,GM,Route,SpecStock_No,Sold_to,Name_of_Sold_to_Party,Pur_Doc,TrpPlanDt,key_material
3000,326105590,10,412689,DX cartucho 6.8/11 M10 STD pardo,100.0,PC,0.0,0.0,0.0,0.0,A,ZMX998,0.0,18469073,COPIISA OFFSHORE,574106548,2024-06-12,3000/412689
3000,326105591,10,412689,DX cartucho 6.8/11 M10 STD pardo,100.0,PC,0.0,0.0,0.0,0.0,A,ZMX998,0.0,18469073,COPIISA OFFSHORE,574184151,2024-06-12,3000/412689
3000,326105607,10,416484,DX cartucho 6.8/18 M10 STD rojo,300.0,PC,0.0,0.0,0.0,0.0,A,ZMX998,0.0,15413947,CONSTRUCTORA GARZA PONCE,574174423,2024-06-12,3000/416484
3000,326105609,10,416486,DX cartucho 6.8/18 M10 STD negro,4.8,PC,0.0,0.0,0.0,0.0,A,ZMX998,0.0,15413947,CONSTRUCTORA GARZA PONCE,574238140,2024-06-12,3000/416486
3000,326105621,10,416484,DX cartucho 6.8/18 M10 STD rojo,11.7,PC,0.0,0.0,0.0,0.0,A,ZMX998,0.0,21534127,GRUPO INMOBILIARIO ARRENDADOR,574221812,2024-06-12,3000/416484
3000,326105637,10,416484,DX cartucho 6.8/18 M10 STD rojo,2.0,PC,0.0,0.0,0.0,0.0,A,ZMX998,0.0,21618835,AFFARE COMERCIAL,574257395,2024-06-12,3000/416484
3000,326108615,10,2210796,DX cartucho 6.8/11 M10 rojo,6.0,PC,0.0,0.0,0.0,0.0,A,ZMX998,0.0,16623943,ADOLFO GERARDO AYALA ROSAS,574202314,2024-06-13,3000/2210796
3000,326157241,10,2210796,DX cartucho 6.8/11 M10 rojo,7.0,PC,0.0,0.0,0.0,0.0,A,ZMXA05,0.0,30293114,WINDARMEX,574242561,2024-06-12,3000/2210796
3000,326393061,10,388615,"Abrazadera cuelgue LH 1-1/4"" M10",100.0,PC,0.0,0.0,0.0,0.0,A,ZMXA02,0.0,28296749,CHUFANI CONSTRUCTORA,574234037,2024-07-02,3000/388615
3000,326393061,20,2268367,Viga MT-80 OC,114.0,M,0.0,0.0,0.0,0.0,A,ZMXA02,0.0,28296749,CHUFANI CONSTRUCTORA,574234037,2024-07-02,3000/2268367
3000,326393062,10,2199455,Placa perforada MQZ-L11,120.0,PC,0.0,0.0,0.0,0.0,A,ZMXA02,0.0,28296749,CHUFANI CONSTRUCTORA,574301526,2024-07-02,3000/2199455
3000,326406141,10,2267008,Hoja sierra sable SP 15 1014 (5) univ,5.0,PC,0.0,0.0,0.0,0.0,A,ZMXA02,0.0,28528539,CONSTRUCTORA MEXICANA,574146386,2024-07-03,3000/2267008
3000,326406154,10,2272064,Unión en ángulo MT-C-GS OC,30.0,PC,0.0,0.0,0.0,0.0,A,ZMXA04,0.0,29683700,POWERTECNO ENERGIA MEXICANA,574225519,2024-07-03,3000/2272064
3000,326422227,10,2118050,Disco de corte SP-SL 125 (2) univ,8.0,PC,0.0,0.0,0.0,0.0,A,ZMXA05,0.0,25989048,MINERA SAN JULIAN,574308187,2024-07-04,3000/2118050
8650,326425324,10,2007057,Portacartucho HIT-CB 500,1.0,PC,0.0,0.0,0.0,0.0,A,ZCL110,0.0,16210477,EMPRESA DE MANTENCIONES Y SERVICIOS,574308219,2024-07-03,8650/2007057
8650,326425324,20,2005641,Aplicador HDM 500 caja,1.0,PC,0.0,0.0,0.0,0.0,A,ZCL110,0.0,16210477,EMPRESA DE MANTENCIONES Y SERVICIOS,574308219,2024-07-03,8650/2005641
8650,326425324,30,2123404,Adhesivo inyecc. HIT-RE 500 V3/500/1,20.0,PC,0.0,0.0,0.0,0.0,A,ZCL110,0.0,16210477,EMPRESA DE MANTENCIONES Y SERVICIOS,574308219,2024-07-03,8650/2123404
8650,326425324,40,2150738,Disco de desbaste AG-D SP 115x6.4,100.0,PC,0.0,0.0,0.0,0.0,A,ZCL110,0.0,16210477,EMPRESA DE MANTENCIONES Y SERVICIOS,574308219,2024-07-03,8650/2150738
8650,326425324,50,2150703,Disco de corte AC-D SP 115x2.5,200.0,PC,0.0,0.0,0.0,0.0,A,ZCL110,0.0,16210477,EMPRESA DE MANTENCIONES Y SERVICIOS,574308219,2024-07-03,8650/2150703
8650,326425324,60,2150734,Disco de corte AC-D SP 180x2.5,400.0,PC,0.0,0.0,0.0,0.0,A,ZCL110,0.0,16210477,EMPRESA DE MANTENCIONES Y SERVICIOS,574308219,2024-07-03,8650/2150734
3000,326429252,10,2210173,Ultimate exp anc KB-TZ2 1/4x2 1/8,100.0,PC,0.0,0.0,0.0,0.0,A,ZMXA05,0.0,23524649,PROVIDSA,574309903,2024-07-05,3000/2210173
8650,326429256,10,2116103,Espuma de aislamiento CF-I 65  ECO,3.0,PC,0.0,0.0,0.0,0.0,A,ZCL302,0.0,18789372,BERLIAM SPA,574309907,2024-07-05,8650/2116103
3000,326429257,10,2123384,Adhesivo inyecc. HIT-RE 100/500/1,6.0,PC,0.0,0.0,0.0,0.0,A,ZMXA02,0.0,15409240,ANTEUS CONSTRUCTORA,574309890,2024-07-05,3000/2123384
8650,326429565,10,3546919,"HIT-C F1554 Gr36 G,7/8""x14"" T90",40.0,PC,0.0,0.0,0.0,0.0,A,ZCL123,574292669000010.0,17772541,BEAGLE SERVICIOS DE INGENIERIA Y,574292669,2024-07-05,8650/3546919
8650,326429568,10,3546902,"HIT-C F1554 Gr36 G,3/4""x17"" T90",80.0,PC,0.0,0.0,0.0,0.0,A,ZCL124,574292580000010.0,15918796,TECHINT CHILE S.A.,574292580,2024-07-05,8650/3546902
8650,326429568,20,3920402,"HIT-C F1554 E55 G,5/8""x12"" T90",64.0,PC,0.0,0.0,0.0,0.0,A,ZCL124,574292580000020.0,15918796,TECHINT CHILE S.A.,574292580,2024-07-05,8650/3920402
8650,326429568,30,3546898,"HIT-C F1554 Gr36 G,3/4""x14"" T90",8.0,PC,0.0,0.0,0.0,0.0,A,ZCL124,574292580000030.0,15918796,TECHINT CHILE S.A.,574292580,2024-07-05,8650/3546898
8650,326429568,40,3920402,"HIT-C F1554 E55 G,5/8""x12"" T90",18.0,PC,0.0,0.0,0.0,0.0,A,ZCL124,574292580000040.0,15918796,TECHINT CHILE S.A.,574292580,2024-07-05,8650/3920402
8650,326429569,10,3546943,"HIT-C F1554 Gr36 G,1""x20"" T90",12.0,PC,0.0,0.0,0.0,0.0,A,ZCL140,574292837000010.0,27839155,CONSTRUCCION Y MONTAJE INDUSTRIAL,574292837,2024-07-04,8650/3546943
8650,326429574,10,3546850,"HIT-C F1554 Gr36 G,1/2""x5"" T90",40.0,PC,0.0,0.0,0.0,0.0,A,ZCL123,574297249000030.0,28524210,FELIPE ANTONIO LA FLOR CATALAN,574297249,2024-07-04,8650/3546850
8650,326429578,10,2005641,Aplicador HDM 500 caja,1.0,PC,0.0,0.0,0.0,0.0,A,ZCL110,0.0,20140779,MINERA HMC S.A.,574309869,2024-07-04,8650/2005641
8650,326429578,20,2007057,Portacartucho HIT-CB 500,1.0,PC,0.0,0.0,0.0,0.0,A,ZCL110,0.0,20140779,MINERA HMC S.A.,574309869,2024-07-04,8650/2007057
8650,326429578,30,2341094,"Broca para taladro TE-CX 1/2""-18""",3.0,PC,0.0,0.0,0.0,0.0,A,ZCL110,0.0,20140779,MINERA HMC S.A.,574309869,2024-07-04,8650/2341094
8650,326429579,10,436062,Clavo para hormigón X-CS 27 P8,500.0,PC,0.0,0.0,0.0,0.0,A,ZCL313,0.0,15922699,COSAMA SPA,574309933,2024-07-05,8650/436062
8650,326429579,20,2210796,DX cartucho 6.8/11 M10 rojo,500.0,PC,0.0,0.0,0.0,0.0,A,ZCL313,0.0,15922699,COSAMA SPA,574309933,2024-07-05,8650/2210796
3000,326429583,10,2123384,Adhesivo inyecc. HIT-RE 100/500/1,5.0,PC,0.0,0.0,0.0,0.0,A,ZMXA02,0.0,15419946,CONSTRUCTORA Y DESARROLLADORA DE,574309894,2024-07-05,3000/2123384
8650,326429775,10,2172922,Abrazadera MP-L-I 54-63 M8/M10,50.0,PC,0.0,0.0,0.0,0.0,A,ZCL123,0.0,15921293,BASH INSTALACIONES LIMITADA,574309949,2024-07-04,8650/2172922
8650,326429776,10,2305536,"Broca BT-F 1""/12"" SPX-L",2.0,PC,0.0,0.0,0.0,0.0,A,ZCL302,0.0,15920435,TECNASIC S A,574309951,2024-07-05,8650/2305536
8650,326429776,20,2305535,"Broca BT-F 7/8""/12"" SPX-L",2.0,PC,0.0,0.0,0.0,0.0,A,ZCL302,0.0,15920435,TECNASIC S A,574309951,2024-07-05,8650/2305535
8650,326429776,30,2261783,Broca BI 20/320 SP-L abras,2.0,PC,0.0,0.0,0.0,0.0,A,ZCL302,0.0,15920435,TECNASIC S A,574309951,2024-07-05,8650/2261783
8650,326429776,40,373420,Adaptador BI/BT,1.0,PC,0.0,0.0,0.0,0.0,A,ZCL302,0.0,15920435,TECNASIC S A,574309951,2024-07-05,8650/373420
3000,326429777,10,435006,"Broca para taladro TE-CX 3/8""-6""",12.0,PC,0.0,0.0,0.0,0.0,A,ZMXA02,0.0,15418637,FFT MEXICO,574306042,2024-07-04,3000/435006
3000,326429777,20,2165905,"Broca para taladro TE-YX 7/8""-13""",15.0,PC,0.0,0.0,0.0,0.0,A,ZMXA02,0.0,15418637,FFT MEXICO,574306042,2024-07-04,3000/2165905
3000,370729491,10,338725,Espuma cortafuego CP 620 US,3.0,PC,0.0,0.0,0.0,0.0,A,ZMX999,0.0,15418649,FABRICA DE PAPEL SAN FRANCISCO,593436897,2023-05-19,3000/338725
3000,370744429,10,282991,"Husillo de sujeción DD-CS-5/8""",1.0,PC,0.0,0.0,0.0,0.0,A,ZMX999,0.0,28987332,INGENIO DE HUIXTLA,593537102,2023-08-08,3000/282991
3000,370744429,20,2105778,"Juego de accesorios DD 5/8""",1.0,PC,0.0,0.0,0.0,0.0,A,ZMX999,0.0,28987332,INGENIO DE HUIXTLA,593537102,2023-08-08,3000/2105778
3000,370744429,30,2158228,Broca B 52/450 SP-H abras,2.0,PC,0.0,0.0,0.0,0.0,A,ZMX999,0.0,28987332,INGENIO DE HUIXTLA,593537102,2023-08-08,3000/2158228
3000,370744429,40,2158233,Broca B 77/450 SP-H abras,3.0,PC,0.0,0.0,0.0,0.0,A,ZMX999,0.0,28987332,INGENIO DE HUIXTLA,593537102,2023-08-08,3000/2158233
3000,370744429,50,2158237,Broca B 102/450 SP-H abras,2.0,PC,0.0,0.0,0.0,0.0,A,ZMX999,0.0,28987332,INGENIO DE HUIXTLA,593537102,2023-08-08,3000/2158237
3000,370744429,60,305542,Extremo de inserción BL (M41),3.0,PC,0.0,0.0,0.0,0.0,A,ZMX999,0.0,28987332,INGENIO DE HUIXTLA,593537102,2023-08-08,3000/305542
3000,370744429,70,2127969,Martillo combinado TE 50-AVR 120 V,4.0,PC,0.0,0.0,0.0,0.0,A,ZMX999,0.0,28987332,INGENIO DE HUIXTLA,593537102,2023-08-08,3000/2127969
3000,370747125,10,2109004,Cargador de coche C 4/36-DC caja,8.0,PC,0.0,0.0,0.0,0.0,A,ZMXA01,0.0,19559151,GRUPO FERREBAÑOS MAYORISTAS,591329241,2018-08-15,3000/2109004
3000,370747126,10,385437,"Varilla anclaje HAS 5.8 3/4""x19""",20.0,PC,0.0,0.0,0.0,0.0,A,ZMXA47,0.0,24065419,JAIME HUMBERTO BENAVENTE GARCIA,591333447,2018-08-23,3000/385437
3000,370747127,10,435000,"Broca para taladro TE-CX 1/4""-6""",15.0,PC,0.0,0.0,0.0,0.0,A,ZMXA03,0.0,15408833,INDUSTRIAS UNIDAS,591336160,2018-08-23,3000/435000
3000,370747128,10,2078087,Broca corona diam DD-B 37/430 UCL,6.0,PC,0.0,0.0,0.0,0.0,A,ZMXA03,0.0,19226643,LA PENINSULAR COMPAÑIA,591324881,2018-08-24,3000/2078087
3000,370747129,10,50398,DX cartucho 5.5/16 .22 amar.,100.0,PC,0.0,0.0,0.0,0.0,A,ZMXA01,0.0,25428780,RG SOLUCIONES ELECTRICAS S.A DE C.V,591328791,2018-09-07,3000/50398
3000,370747130,10,2005065,Clip de suspensión X-CC CS27 P8,6.4,PC,0.0,0.0,0.0,0.0,A,ZMXA19,0.0,22112921,ABASTECEDORA MAXIMO,591357822,2018-09-10,3000/2005065
3000,370747130,20,2091379,Clavo para hormigón X-C 27 P8,4.0,PC,0.0,0.0,0.0,0.0,A,ZMXA19,0.0,22112921,ABASTECEDORA MAXIMO,591357822,2018-09-10,3000/2091379
3000,370747131,10,206514,"Broca para taladro TE-YX 5/8""-22""",2.0,PC,0.0,0.0,0.0,0.0,A,ZMXA05,0.0,15404377,TECHINT,591344692,2018-09-13,3000/206514
3000,370747131,20,293479,"Broca para taladro TE-YX 7/8""-21""",2.0,PC,0.0,0.0,0.0,0.0,A,ZMXA05,0.0,15404377,TECHINT,591344692,2018-09-13,3000/293479
3000,370747132,10,282275,Cincel espátula TE-YP SPM 12/50,1.0,PC,0.0,0.0,0.0,0.0,A,ZMXA19,0.0,15497230,JUAREZ-THOMPSON INC.,591341867,2018-09-14,3000/282275
3000,370747133,10,430792,Spray cortafuego para juntas CFS-SP WB r,7.0,PC,0.0,0.0,0.0,0.0,A,ZMXA01,0.0,24058816,RM CARPINTERIA DE ALUMINIOS,591343379,2018-10-01,3000/430792
3000,370747134,10,2173259,Adhesivo inyecc. HIT-1,12.0,PC,0.0,0.0,0.0,0.0,A,ZMXA47,0.0,17240351,MAILBOXES GONZALITOS S.A. DE C.V.,591383054,2018-10-01,3000/2173259
3000,370747135,10,50351,"DX cartucho 6,8/11 M verde",100.0,PC,0.0,0.0,0.0,0.0,A,ZMXA60,0.0,18429041,DMGP SERVICIOS DE INTEGRIDAD,591362961,2018-10-09,3000/50351
3000,370747136,10,2148675,Amoladora angular AG 230-24D 127V caja,1.0,PC,0.0,0.0,0.0,0.0,A,ZMXA57,0.0,17004266,T A 2000,591418406,2018-10-11,3000/2148675
3000,370747136,20,2119163,Amoladora angular AG 500-12D,1.0,PC,0.0,0.0,0.0,0.0,A,ZMXA57,0.0,17004266,T A 2000,591418406,2018-10-11,3000/2119163
3000,370747137,10,224119,Mandril de cierre rápido TE 2M/7C/7A/6A,1.0,PC,0.0,0.0,0.0,0.0,A,ZMXA19,0.0,24143599,TILSECO MEXICO,591422615,2018-10-15,3000/224119
3000,370747138,10,2006183,Batería PSA 82,1.0,PC,0.0,0.0,0.0,0.0,A,ZMXA46,0.0,21196451,GRUPO OX PROFESIONALES EN,591391052,2018-10-16,3000/2006183
3000,370747139,10,65282,Llave de casquillo hueco 1 1/8x3/4,1.0,PC,0.0,0.0,0.0,0.0,A,ZMXA01,0.0,18130211,PUBLICO EN GENERAL,591431338,2018-10-31,3000/65282
3000,370747140,10,385441,"Varilla anclaje HAS 5.8 7/8""x13""",40.0,PC,0.0,0.0,0.0,0.0,A,ZMXA03,0.0,19032723,INGENIERIA DUPLICADO,591443921,2018-11-06,3000/385441
3000,370747141,10,2064659,Mart. rompedor TE 800-AVR 120V,4.0,PC,0.0,0.0,0.0,0.0,A,ZMXA03,0.0,23504999,SINERGIA VECTORIAL,591453405,2018-11-06,3000/2064659
3000,370747141,20,2107829,Empuñadura lateral TE SH-STD 2,4.0,PC,0.0,0.0,0.0,0.0,A,ZMXA03,0.0,23504999,SINERGIA VECTORIAL,591453405,2018-11-06,3000/2107829
3000,370747142,10,2081456,Atorn. tal. a batería SFD 2-A caja,2.0,PC,0.0,0.0,0.0,0.0,A,ZMXA19,0.0,22503496,CATERPILLAR INDUSTRIAS MEXICO,591450259,2018-11-21,3000/2081456
3000,370747142,20,2077976,Batería B 12/2.6,4.0,PC,0.0,0.0,0.0,0.0,A,ZMXA19,0.0,22503496,CATERPILLAR INDUSTRIAS MEXICO,591450259,2018-11-21,3000/2077976
3000,370747142,30,2076996,Cargador de batería C 4/12-50 115V BULK,2.0,PC,0.0,0.0,0.0,0.0,A,ZMXA19,0.0,22503496,CATERPILLAR INDUSTRIAS MEXICO,591450259,2018-11-21,3000/2076996
3000,370747142,40,2012703,Gancho para cinturón SF / SI,2.0,PC,0.0,0.0,0.0,0.0,A,ZMXA19,0.0,22503496,CATERPILLAR INDUSTRIAS MEXICO,591450259,2018-11-21,3000/2012703
3000,370747143,10,228341,Suspensión techo X-EHS W6 MX,1.0,PC,0.0,0.0,0.0,0.0,A,ZMXA01,0.0,15420305,B & I ARQUITECTOS,591479325,2018-11-27,3000/228341
3000,370747144,10,2197999,"Varilla anclaje HAS-E-55 3/4""x10""",60.0,PC,0.0,0.0,0.0,0.0,A,ZMXA47,0.0,25451025,CONSTRUCCIONES Y EDIFICACIONES SAYG,591479713,2018-11-28,3000/2197999
3000,370747145,10,2113445,Atorn. tal. perc. bat. SF 6H-A22 maletín,1.0,PC,0.0,0.0,0.0,0.0,A,ZMXA46,0.0,23949625,SEGUIDORES SOLARES SOLTEC,591519043,2018-12-31,3000/2113445
3000,370747146,10,256694,Cápsula química HVU M16x125,30.0,PC,0.0,0.0,0.0,0.0,A,ZMXA19,0.0,20441955,M I HERRAMIENTAS DIAMANTADAS,591551384,2019-01-31,3000/256694
3000,370747146,20,2198007,"Varilla anclaje HAS-E-55 7/8""x10""",20.0,PC,0.0,0.0,0.0,0.0,A,ZMXA19,0.0,20441955,M I HERRAMIENTAS DIAMANTADAS,591551384,2019-01-31,3000/2198007
3000,370747147,10,2164799,Cable de red TE 500(01) USA/CDN,1.0,PC,0.0,0.0,0.0,0.0,A,ZMXA31,0.0,18450024,CONSTRUCTORA VERTEX,591567723,2019-02-12,3000/2164799
3000,370747148,10,2165749,"Broca para taladro TE-YX 3/4""-13""",2.0,PC,0.0,0.0,0.0,0.0,A,ZMXA01,0.0,15412143,FERRETODO MEXICO,591608132,2019-03-14,3000/2165749
3000,370747149,10,2165747,"Broca para taladro TE-YX 11/16""-13""",1.0,PC,0.0,0.0,0.0,0.0,A,ZMXA01,0.0,15412143,FERRETODO MEXICO,591773549,2019-07-23,3000/2165747
3000,370747150,10,2098466,Martillo perfor. a batería TE 6-A36 male,1.0,PC,0.0,0.0,0.0,0.0,A,ZMXA01,0.0,15412143,FERRETODO MEXICO,591628147,2019-03-28,3000/2098466
3000,370747151,10,62898,"Broca para mampostería TM 5/8""-8""",2.0,PC,0.0,0.0,0.0,0.0,A,ZMXA47,0.0,24443257,MUEBLES LA MAGDALENA,591632588,2019-04-01,3000/62898
3000,370747152,10,2146853,Mart. rompedor TE 500-AVR 120V,4.0,PC,0.0,0.0,0.0,0.0,A,ZMXA19,0.0,25341650,CONSTRUCTORA HOSPITALARIA TEPIC,591677994,2019-05-07,3000/2146853
3000,370747152,20,282268,Cincel plano TE-YP FM 36,12.0,PC,0.0,0.0,0.0,0.0,A,ZMXA19,0.0,25341650,CONSTRUCTORA HOSPITALARIA TEPIC,591677994,2019-05-07,3000/282268
3000,370747152,30,282264,Cincel puntero TE-YP SM 36,12.0,PC,0.0,0.0,0.0,0.0,A,ZMXA19,0.0,25341650,CONSTRUCTORA HOSPITALARIA TEPIC,591677994,2019-05-07,3000/282264
3000,370747152,40,428944,Mart. rompedor TE 700-AVR 120V,2.0,PC,0.0,0.0,0.0,0.0,A,ZMXA19,0.0,25341650,CONSTRUCTORA HOSPITALARIA TEPIC,591677994,2019-05-07,3000/428944
3000,370747152,50,2149471,Mart. rompedor TE 2000-AVR 120V,2.0,PC,0.0,0.0,0.0,0.0,A,ZMXA19,0.0,25341650,CONSTRUCTORA HOSPITALARIA TEPIC,591677994,2019-05-07,3000/2149471
3000,370747152,60,2168871,Cincel puntero TE-SPX SM 43,4.0,PC,0.0,0.0,0.0,0.0,A,ZMXA19,0.0,25341650,CONSTRUCTORA HOSPITALARIA TEPIC,591677994,2019-05-07,3000/2168871
3000,370747153,10,2165905,"Broca para taladro TE-YX 7/8""-13""",2.0,PC,0.0,0.0,0.0,0.0,A,ZMXA03,0.0,20046858,GALA STEEL,591744735,2019-07-01,3000/2165905
3000,370747154,10,2119381,Mart. rompedor TE 1000-AVR 120V,1.0,PC,0.0,0.0,0.0,0.0,A,ZMXA21,0.0,19953213,TOMACO,591782109,2019-07-30,3000/2119381
3000,370747154,20,2078526,Cable de red TE 1000-AVR 120V 5m,1.0,PC,0.0,0.0,0.0,0.0,A,ZMXA21,0.0,19953213,TOMACO,591782109,2019-07-30,3000/2078526
3000,370747155,10,2168888,Cincel puntero TE-SPX SM 43 MP4,4.0,PC,0.0,0.0,0.0,0.0,A,ZMXA01,0.0,15417426,INGENIERIA Y CONSTRUCCION COT,591798262,2019-08-14,3000/2168888
3000,370747155,20,2168888,Cincel puntero TE-SPX SM 43 MP4,4.0,PC,0.0,0.0,0.0,0.0,A,ZMXA01,0.0,15417426,INGENIERIA Y CONSTRUCCION COT,591798262,2019-08-14,3000/2168888
3000,370747156,10,2126613,Disco de corte AC-D SP 180x1.6mm,50.0,PC,0.0,0.0,0.0,0.0,A,ZMXA01,0.0,15418037,JMM MANUFACTURAS,591800303,2019-08-15,3000/2126613
3000,370747156,20,2126616,Disco de corte AC-D SP 230x2.0mm,50.0,PC,0.0,0.0,0.0,0.0,A,ZMXA01,0.0,15418037,JMM MANUFACTURAS,591800303,2019-08-15,3000/2126616
3000,370747157,10,273747,Taladro con percusión UH 700 120V,1.0,PC,0.0,0.0,0.0,0.0,A,ZMX999,0.0,21051702,SERVICIOS Y MONTAJES PENTA,591921856,2019-11-21,3000/273747
3000,370747158,10,2141960,Anclaje a segmentos KB-TZ 3/4x5 1/2,40.0,PC,0.0,0.0,0.0,0.0,A,ZMX999,0.0,15405534,CONSORCIO CAPITAL,591974971,2020-01-10,3000/2141960
3000,370747158,20,286017,Anclaje a segmentos KB3 1x6,70.0,PC,0.0,0.0,0.0,0.0,A,ZMX999,0.0,15405534,CONSORCIO CAPITAL,591974971,2020-01-10,3000/286017
3000,370747158,30,286017,Anclaje a segmentos KB3 1x6,5.0,PC,0.0,0.0,0.0,0.0,A,ZMX999,0.0,15405534,CONSORCIO CAPITAL,591974971,2020-01-10,3000/286017
3000,370747159,10,2078802,"Anclaje a segmentos KBV 1/2""x3-3/4""",25.0,PC,0.0,0.0,0.0,0.0,A,ZMX999,0.0,15417580,TENSA CONSTRUCCIONES,591987237,2020-01-22,3000/2078802
3000,370747160,10,386468,Suspensión techo X-EHS W10 MX,100.0,PC,0.0,0.0,0.0,0.0,A,ZMX999,0.0,15842335,TERMO TECNICA QUIN,592102922,2020-05-07,3000/386468
3000,370747160,20,2061254,Cinta para cables ECT-UVHB 280X4.5,100.0,PC,0.0,0.0,0.0,0.0,A,ZMX999,0.0,15842335,TERMO TECNICA QUIN,592102922,2020-05-07,3000/2061254
3000,370747160,30,285720,Abraz. eléctrica X-EKS 20 MX,100.0,PC,0.0,0.0,0.0,0.0,A,ZMX999,0.0,15842335,TERMO TECNICA QUIN,592102922,2020-05-07,3000/285720
3000,370747160,40,285721,Abraz. eléctrica X-EKS 25 MX,100.0,PC,0.0,0.0,0.0,0.0,A,ZMX999,0.0,15842335,TERMO TECNICA QUIN,592102922,2020-05-07,3000/285721
3000,370747160,50,285723,Abraz. eléctrica X-EKS 40 MX,100.0,PC,0.0,0.0,0.0,0.0,A,ZMX999,0.0,15842335,TERMO TECNICA QUIN,592102922,2020-05-07,3000/285723
3000,370747160,60,228342,Clip de suspensión X-ECC MX,100.0,PC,0.0,0.0,0.0,0.0,A,ZMX999,0.0,15842335,TERMO TECNICA QUIN,592102922,2020-05-07,3000/228342
3000,370747160,70,432947,Cinta para cables con soporte X-ECT 40 M,50.0,PC,0.0,0.0,0.0,0.0,A,ZMX999,0.0,15842335,TERMO TECNICA QUIN,592102922,2020-05-07,3000/432947
3000,370747161,10,386468,Suspensión techo X-EHS W10 MX,100.0,PC,0.0,0.0,0.0,0.0,A,ZMX999,0.0,15842335,TERMO TECNICA QUIN,592102932,2020-05-07,3000/386468
3000,370747161,20,2061254,Cinta para cables ECT-UVHB 280X4.5,100.0,PC,0.0,0.0,0.0,0.0,A,ZMX999,0.0,15842335,TERMO TECNICA QUIN,592102932,2020-05-07,3000/2061254
3000,370747161,30,285720,Abraz. eléctrica X-EKS 20 MX,100.0,PC,0.0,0.0,0.0,0.0,A,ZMX999,0.0,15842335,TERMO TECNICA QUIN,592102932,2020-05-07,3000/285720
3000,370747161,40,285721,Abraz. eléctrica X-EKS 25 MX,100.0,PC,0.0,0.0,0.0,0.0,A,ZMX999,0.0,15842335,TERMO TECNICA QUIN,592102932,2020-05-07,3000/285721
3000,370747161,50,285723,Abraz. eléctrica X-EKS 40 MX,100.0,PC,0.0,0.0,0.0,0.0,A,ZMX999,0.0,15842335,TERMO TECNICA QUIN,592102932,2020-05-07,3000/285723
3000,370747161,60,432947,Cinta para cables con soporte X-ECT 40 M,50.0,PC,0.0,0.0,0.0,0.0,A,ZMX999,0.0,15842335,TERMO TECNICA QUIN,592102932,2020-05-07,3000/432947
3000,370747162,10,2167148,Aspirador universal VC 125-6,1.0,PC,0.0,0.0,0.0,0.0,A,ZMX999,0.0,25912640,URBANIZADORA CAMI,592245072,2020-09-08,3000/2167148
3000,370747162,20,2067383,Adaptador 15A Twist Lock,1.0,PC,0.0,0.0,0.0,0.0,A,ZMX999,0.0,25912640,URBANIZADORA CAMI,592245072,2020-09-08,3000/2067383
3000,370747163,10,2203157,Montante de taladrar DD-ST 160 SFL,1.0,PC,0.0,0.0,0.0,0.0,A,ZMX999,0.0,27709172,INSTALACIONES ELECTROMECANICAS,592422993,2021-02-03,3000/2203157
3000,370747164,10,2210253,Ultimate exp anc KB-TZ2 1/2x3,20.0,PC,0.0,0.0,0.0,0.0,A,ZMX999,0.0,16079723,TERNIUM MEXICO,592483691,2021-03-22,3000/2210253
3000,370747165,10,206509,"Broca para taladro TE-YX 1/2""-14""",2.0,PC,0.0,0.0,0.0,0.0,A,ZMX999,0.0,18722959,AUTO PARTES Y MAS,592652109,2021-08-05,3000/206509
3000,370747166,10,2184660,Empuñadura lateral TE 500-X (Gen 3),1.0,PC,0.0,0.0,0.0,0.0,A,ZMX999,0.0,23351453,XDIFICA,592676275,2021-08-31,3000/2184660
3000,370747167,10,2203157,Montante de taladrar DD-ST 160 SFL,1.0,PC,0.0,0.0,0.0,0.0,A,ZMX999,0.0,26531711,ATRIUM LAND SOLUCIONES,592691859,2021-09-14,3000/2203157
3000,370747168,10,2005843,Aplicador CFS-DISP,1.0,PC,0.0,0.0,0.0,0.0,A,ZMX999,0.0,15415971,JOHNSON CONTROLS BTS MEXICO,592708743,2021-09-28,3000/2005843
3000,370747169,10,2101536,Sellador cortafuego FS-ONE MAX 5GAL PAIL,1.0,PC,0.0,0.0,0.0,0.0,A,ZMX999,0.0,15419946,CONSTRUCTORA Y DESARROLLADORA DE,593062242,2022-07-21,3000/2101536
3000,370753308,10,2141084,Clavo universal X-U 19 P8,500.0,PC,0.0,0.0,0.0,0.0,A,ZMX999,0.0,28508168,MEXICANA DE ESPACIOS ABIERTOS,593592389,2023-09-25,3000/2141084
3000,370764469,10,2091379,Clavo para hormigón X-C 27 P8,100.0,PC,0.0,0.0,0.0,0.0,A,ZMX999,0.0,15419280,PROMOTORA DEL DESARROLLO DE AMERICA,593670315,2023-11-24,3000/2091379
3000,370767277,10,2123401,Adhesivo inyecc. HIT-RE 500 V3/330/1,2.0,PC,0.0,0.0,0.0,0.0,A,ZMX999,0.0,22380893,FREVY CONSTRUCCIONES Y ACABADOS,593690467,2023-12-13,3000/2123401
3000,370779349,10,2018449,"Varilla anclaje HIT-Z 3/4"" x 8 1/2""",6.0,PC,0.0,0.0,0.0,0.0,A,ZMX999,0.0,22233174,MARIA GUADALUPE HERNANDEZ,593775828,2024-02-26,3000/2018449
3000,370782985,10,3783931,Adhesivo inyecc. HIT-RE 500 V3/500/1,4.0,PC,0.0,0.0,0.0,0.0,A,ZMX999,0.0,15406973,AMP CONTRATISTAS ELECTRICOS,593799600,2024-03-12,3000/3783931
3000,370790655,10,2341239,Cincel puntero TE-SX SM 50,2.0,PC,0.0,0.0,0.0,0.0,A,ZMX999,0.0,30256267,CEMENTO CRUZ AZUL HIDALGO,593849358,2024-04-25,3000/2341239
3000,370797360,10,2239885,Taladro con diamante DD 150-U 120V,1.0,PC,0.0,0.0,0.0,0.0,A,ZMX999,0.0,25940113,CONSTRUCTORA ISTRANA,2101762592,2024-06-04,3000/2239885
3000,370797611,10,2197997,"Varilla anclaje HAS-E-55 5/8""x12""",20.0,PC,0.0,0.0,0.0,0.0,A,ZMX999,0.0,15418647,FORMACRYL DE MEXICO,593893144,2024-06-05,3000/2197997
3000,370797611,20,2334276,Adhesivo inyecc. HY 200-R V3 330/1/WH,5.0,PC,0.0,0.0,0.0,0.0,A,ZMX999,0.0,15418647,FORMACRYL DE MEXICO,593893144,2024-06-05,3000/2334276
3000,370798403,10,2260054,Cargador de batería C 8-22 115V caja,4.0,PC,0.0,0.0,0.0,0.0,A,ZMXA02,0.0,25940113,CONSTRUCTORA ISTRANA,2101734097,2024-06-12,3000/2260054
3000,370798403,20,2251363,Batería B 22-255 Li-ion,8.0,PC,0.0,0.0,0.0,0.0,A,ZMXA02,0.0,25940113,CONSTRUCTORA ISTRANA,2101734097,2024-06-12,3000/2251363
3000,370798875,10,2346810,"Kwik-X capsula KHC 1/2"" SMALL",25.0,PC,0.0,0.0,0.0,0.0,A,ZMXA01,0.0,0,nan,4536762345,2024-06-12,3000/2346810
3000,370800772,10,234460,Espuma de aislamiento CF-I 50 ECO GV,14.0,PC,0.0,0.0,0.0,0.0,A,ZMXA02,0.0,0,nan,4536902660,2024-06-21,3000/234460
3000,370800848,10,2251351,Batería B 22-85 Li-ion,12.0,PC,0.0,0.0,0.0,0.0,A,ZMXA05,0.0,0,nan,4536909816,2024-06-21,3000/2251351
3000,370800848,20,2253927,Cargador de batería C 4-22 115V,12.0,PC,0.0,0.0,0.0,0.0,A,ZMXA05,0.0,0,nan,4536909816,2024-06-21,3000/2253927
3000,370801562,10,2346810,"Kwik-X capsula KHC 1/2"" SMALL",25.0,PC,0.0,0.0,0.0,0.0,A,ZMXA05,0.0,0,nan,4536917740,2024-06-26,3000/2346810
3000,370802367,10,2101547,Clavo de gas X-S 14 G3 MX,2.4,PC,0.0,0.0,0.0,0.0,A,ZMXA05,0.0,0,nan,4536735512,2024-07-01,3000/2101547
3000,370802478,10,2241992,Escoplo TE-YX FM 50,1.0,PC,0.0,0.0,0.0,0.0,A,nan,0.0,0,nan,4536957841,2024-07-01,3000/2241992
3000,370802478,20,2241993,Escoplo TE-YX FM 70,1.0,PC,0.0,0.0,0.0,0.0,A,nan,0.0,0,nan,4536957841,2024-07-01,3000/2241993
3000,370802478,30,2241983,Cincel puntero TE-YX SM 36,1.0,PC,0.0,0.0,0.0,0.0,A,nan,0.0,0,nan,4536957841,2024-07-01,3000/2241983
3000,370802478,40,2241984,Cincel puntero TE-YX SM 50,1.0,PC,0.0,0.0,0.0,0.0,A,nan,0.0,0,nan,4536957841,2024-07-01,3000/2241984
3000,370802478,50,2168885,Espatula TE-SX SC 50/8,1.0,PC,0.0,0.0,0.0,0.0,A,nan,0.0,0,nan,4536957841,2024-07-01,3000/2168885
3000,370802688,10,2328604,Cordless data module IC CDM-22,3.0,PC,0.0,0.0,0.0,0.0,A,ZMXA02,0.0,15522499,REPRESENTACIONES DISTRIBUCIONES E,2101960907,2024-07-02,3000/2328604
3000,370802690,10,2112766,"Util de colocación HDI+/HDI-TZ 1/2""",1.0,PC,0.0,0.0,0.0,0.0,A,ZMXA01,0.0,0,nan,4536863644,2024-07-02,3000/2112766
3000,370802728,10,2346070,Conector Eléctrico S-BT-EF M8/15 AN 6 HL,100.0,PC,0.0,0.0,0.0,0.0,A,ZMXA01,0.0,0,nan,4536762345,2024-07-02,3000/2346070
3000,370802976,10,2256552,Premium exp anc KB1 3/4x10,30.0,PC,0.0,0.0,0.0,0.0,A,ZMXA01,0.0,0,nan,4536965909,2024-07-03,3000/2256552
3000,370802995,10,2253099,Martillo combinado a batería TE 60-22 ma,1.0,PC,0.0,0.0,0.0,0.0,A,ZMXA05,0.0,0,nan,4536957851,2024-07-03,3000/2253099
3000,370802996,10,273210,"Cepillo circular de alambre HIT-RB 3/4""",5.0,PC,0.0,0.0,0.0,0.0,A,ZMXA01,0.0,0,nan,4536973702,2024-07-03,3000/273210
3000,370802996,20,2123401,Adhesivo inyecc. HIT-RE 500 V3/330/1,55.0,PC,0.0,0.0,0.0,0.0,A,ZMXA01,0.0,0,nan,4536973702,2024-07-03,3000/2123401
3000,370802996,30,2190184,Medidor láser PD-S,2.0,PC,0.0,0.0,0.0,0.0,A,ZMXA01,0.0,0,nan,4536973702,2024-07-03,3000/2190184
3000,370802996,40,2210236,Ultimate exp anc KB-TZ2 3/8x3,100.0,PC,0.0,0.0,0.0,0.0,A,ZMXA01,0.0,0,nan,4536973702,2024-07-03,3000/2210236
3000,370802998,10,314373,Drive wheel DS-WSW 500,1.0,PC,0.0,0.0,0.0,0.0,A,ZMX060,0.0,0,nan,4536973617,2024-07-16,3000/314373
3000,370803137,10,338720,Aplicador DSC caja,2.0,PC,0.0,0.0,0.0,0.0,A,ZMXA05,0.0,0,nan,4536853928,2024-07-04,3000/338720
3000,370803248,10,60579,Bombín de limpieza,2.0,PC,0.0,0.0,0.0,0.0,A,ZMXA01,0.0,0,nan,4536982115,2024-07-04,3000/60579
3000,370803248,20,338720,Aplicador DSC caja,1.0,PC,0.0,0.0,0.0,0.0,A,ZMXA01,0.0,0,nan,4536982115,2024-07-04,3000/338720
3000,370803248,30,2007057,Portacartucho HIT-CB 500,3.0,PC,0.0,0.0,0.0,0.0,A,ZMXA01,0.0,0,nan,4536982115,2024-07-04,3000/2007057
3000,370803248,40,2123384,Adhesivo inyecc. HIT-RE 100/500/1,25.0,PC,0.0,0.0,0.0,0.0,A,ZMXA01,0.0,0,nan,4536982115,2024-07-04,3000/2123384
3000,370803248,50,2123404,Adhesivo inyecc. HIT-RE 500 V3/500/1,140.0,PC,0.0,0.0,0.0,0.0,A,ZMXA01,0.0,0,nan,4536982115,2024-07-04,3000/2123404
3000,370803248,60,2160223,Martillo combinado TE 30-AVR 120V maletí,2.0,PC,0.0,0.0,0.0,0.0,A,ZMXA01,0.0,0,nan,4536982115,2024-07-04,3000/2160223
3000,370803248,70,2261689,Broca B 107/430 P-U abras,2.0,PC,0.0,0.0,0.0,0.0,A,ZMXA01,0.0,0,nan,4536982115,2024-07-04,3000/2261689
3000,370803248,80,2326712,Aplicador a batería HDE 500-A12,5.0,PC,0.0,0.0,0.0,0.0,A,ZMXA01,0.0,0,nan,4536982115,2024-07-04,3000/2326712
3000,370803249,10,2123401,Adhesivo inyecc. HIT-RE 500 V3/330/1,1.0,PC,0.0,0.0,0.0,0.0,A,nan,0.0,0,nan,4536981977,2024-07-04,3000/2123401
3000,370803249,20,2031079,Adhesivo inyecc. HIT-MM PLUS 330/2,1.0,PC,0.0,0.0,0.0,0.0,A,nan,0.0,0,nan,4536981977,2024-07-04,3000/2031079
3000,370803250,10,2268002,Sistema aspiración de polvo TE DRS-4/6 c,1.0,PC,0.0,0.0,0.0,0.0,A,nan,0.0,0,nan,4536981977,2024-07-04,3000/2268002
3000,370803250,20,2251363,Batería B 22-255 Li-ion,1.0,PC,0.0,0.0,0.0,0.0,A,nan,0.0,0,nan,4536981977,2024-07-04,3000/2251363
3000,370803251,10,236120,Extremo de inserción BI (M41),2.0,PC,0.0,0.0,0.0,0.0,A,ZMXA01,0.0,0,nan,4536982112,2024-07-04,3000/236120
3000,370803251,20,337111,Mezclador HIT-RE-M,9.0,PC,0.0,0.0,0.0,0.0,A,ZMXA01,0.0,0,nan,4536982112,2024-07-04,3000/337111
3000,370803251,30,2007057,Portacartucho HIT-CB 500,2.0,PC,0.0,0.0,0.0,0.0,A,ZMXA01,0.0,0,nan,4536982112,2024-07-04,3000/2007057
3000,370803251,40,2100956,Clavo de gas X-C 27 G3 MX,1.2,PC,0.0,0.0,0.0,0.0,A,ZMXA01,0.0,0,nan,4536982112,2024-07-04,3000/2100956
3000,370803251,50,2165906,"Broca para taladro TE-YX 7/8""-21""",1.0,PC,0.0,0.0,0.0,0.0,A,ZMXA01,0.0,0,nan,4536982112,2024-07-04,3000/2165906
3000,370803251,60,2172149,Martillo combinado TE 70-ATC/AVR 120 V,1.0,PC,0.0,0.0,0.0,0.0,A,ZMXA01,0.0,0,nan,4536982112,2024-07-04,3000/2172149
3000,370803251,70,2197996,"Varilla anclaje HAS-E-55 5/8""x9""",30.0,PC,0.0,0.0,0.0,0.0,A,ZMXA01,0.0,0,nan,4536982112,2024-07-04,3000/2197996
3000,370803251,80,2199640,Broca BI 32/320 SP-L abras,1.0,PC,0.0,0.0,0.0,0.0,A,ZMXA01,0.0,0,nan,4536982112,2024-07-04,3000/2199640
3000,370803251,90,2241983,Cincel puntero TE-YX SM 36,1.0,PC,0.0,0.0,0.0,0.0,A,ZMXA01,0.0,0,nan,4536982112,2024-07-04,3000/2241983
3000,370803251,100,2253848,Atorn. tal. a batería SF 4H-22 maletín,1.0,PC,0.0,0.0,0.0,0.0,A,ZMXA01,0.0,0,nan,4536982112,2024-07-04,3000/2253848
3000,370803251,110,2253927,Cargador de batería C 4-22 115V,1.0,PC,0.0,0.0,0.0,0.0,A,ZMXA01,0.0,0,nan,4536982112,2024-07-04,3000/2253927
3000,370803251,120,2261682,Broca B 62/430 P-U abras,1.0,PC,0.0,0.0,0.0,0.0,A,ZMXA01,0.0,0,nan,4536982112,2024-07-04,3000/2261682
3000,370803251,130,2261683,Broca B 72/430 P-U abras,1.0,PC,0.0,0.0,0.0,0.0,A,ZMXA01,0.0,0,nan,4536982112,2024-07-04,3000/2261683
3000,370803251,140,2326712,Aplicador a batería HDE 500-A12,1.0,PC,0.0,0.0,0.0,0.0,A,ZMXA01,0.0,0,nan,4536982112,2024-07-04,3000/2326712
3000,370803251,150,2333570,Batería B 12-30 Li-ion,2.0,PC,0.0,0.0,0.0,0.0,A,ZMXA01,0.0,0,nan,4536982112,2024-07-04,3000/2333570
3000,370803251,160,2341095,"Broca para taladro TE-CX 9/16""-6""",2.0,PC,0.0,0.0,0.0,0.0,A,ZMXA01,0.0,0,nan,4536982112,2024-07-04,3000/2341095
3000,370803251,170,2372875,Cargador de batería C 4/12-50 115V caja,2.0,PC,0.0,0.0,0.0,0.0,A,ZMXA01,0.0,0,nan,4536982112,2024-07-04,3000/2372875
8750,370803447,10,2145824,Sistema de reciclaje de agua DD-WMS 100,1.0,PC,0.0,0.0,0.0,0.0,A,ZAR021,0.0,0,nan,4536988374,2024-07-05,8750/2145824
8750,370803447,20,2159816,Estribo corredizo DD-WMS 100 cpl,1.0,PC,0.0,0.0,0.0,0.0,A,ZAR021,0.0,0,nan,4536988374,2024-07-05,8750/2159816
8750,370803447,30,2145833,Bolsa filtrante DD-WMS 100 MP5 grande,5.0,PC,0.0,0.0,0.0,0.0,A,ZAR021,0.0,0,nan,4536988374,2024-07-05,8750/2145833
8750,370803447,40,2159810,Sistema colector de agua DD-WCS-67,1.0,PC,0.0,0.0,0.0,0.0,A,ZAR021,0.0,0,nan,4536988374,2024-07-05,8750/2159810
8750,370803447,50,2153650,ON!Track tag AI L2,100.0,PC,0.0,0.0,0.0,0.0,A,ZAR021,0.0,0,nan,4536988374,2024-07-05,8750/2153650
3000,370803498,10,234460,Espuma de aislamiento CF-I 50 ECO GV,16.0,PC,0.0,0.0,0.0,0.0,A,ZMXA02,0.0,0,nan,4536982114,2024-07-05,3000/234460
3000,370803546,10,2122712,Martillo perforador TE 3-ML 120V maletín,1.0,PC,0.0,0.0,0.0,0.0,A,ZMXA04,0.0,0,nan,4536988129,2024-08-14,3000/2122712
3000,370803547,10,2167733,Mart. rompedor TE 1000-AVR 120V cable un,1.0,PC,0.0,0.0,0.0,0.0,A,ZMXA01,0.0,0,nan,4536988697,2024-07-05,3000/2167733
3000,370803547,20,2168876,Escoplo TE-SX FM 50,1.0,PC,0.0,0.0,0.0,0.0,A,ZMXA01,0.0,0,nan,4536988697,2024-07-05,3000/2168876
